FacilityPK,FacilityName,FacilityTypeDesc,FacilityBuildingNo,FacilityStreetName,FacilityAptNo,FacilityCity,FacilityState,FacilityZipcode,Latitude,Longitude,FacilityPhone,ContactPhone,ContactPhoneExt,ContactName,AdditionalInfo,PricingDesc1,PricingDesc2,PricingDesc3,PricingDesc4,PricingDesc5
236,SOL'S PHARMACY,Pharmacy,1515,SOUTHERN BLVD,,Bronx,NY,10460,41,-74,(718) 861-5490,,,,,,,,,
250,Total Care Pharmacy,Pharmacy,4531,3rd Ave,,Bronx,NY,10458,41,-74,(718) 933-9900,,,,,,,,,
484,Three-P Drugs,Pharmacy,791,Flushing Avenue,,Brooklyn,NY,11206,41,-74,(718) 302-4850,,,,,,,,,
1205,Hamilton Pharmacy,Pharmacy,3293,BROADWAY,,Manhattan,NY,10027,41,-74,(212) 281-0488,,,,,,,,,
1221,Grove Drugs,Pharmacy,302,W 12TH ST.,,Manhattan,NY,10014,41,-74,(212) 929-7527,,,,,,,,,
1253,Madison Avenue Pharmacy,Pharmacy,1407,MADISON AVE,,Manhattan,NY,10029,41,-74,(212) 722-3200,,,,,,,,,
1314,Century Pharmacy,Pharmacy,225,MADISON STREET,,Manhattan,NY,10002,41,-74,(212)227-5227,(212) 227-5227,,Richard Cheng,,,,,,
1553,Belle Harbor Chemists,Pharmacy,412,Beach 129TH Street,,Queens,NY,11694,41,-74,(718) 634-0001,,,,,,,,,
1725,Harpell Chemists,Pharmacy,12-65           , 150th Street,,Queens,NY,11357,41,-74,(718) 767-7868,(718) 767-7868,,,,,,,,
1728,Healthmax Pharmacy,Pharmacy,80-07,Jamaica Avenue,,Queens,NY,11421,41,-74,(718) 296-0400,(718) 296-0400,,Gary Stavin,,,,,,
1773,Horizon Pharmacy III,Pharmacy,81-14,Broadway,,Queens,NY,11373,41,-74,(718) 803-1188,,,,,$24.99 for Flu Shot,$74.99 for Pneumonia Shot,,,
1807,Morami Pharmacy,Pharmacy,144-73,Northern Boulavard,,Queens,NY,11354,41,-74,(718) 886-9100,,,,,,,,,
1817,NY Northern Pharmacy,Pharmacy,164-16          ,NORTHERN BOULEVARD,,Queens,NY,11358,41,-74,(718) 445-2470,,,,,,,,,
1983,XIP Harpell Pharmacy,Pharmacy,21-34, BROADWAY,,Queens,NY,11106,41,-74,(718) 204-6565,,,,,,,,,
4765,Rite Aid Pharmacy,Pharmacy,2833,Broadway,,Manhattan,NY,10025,41,-74,(212) 663-3135,,,,,$39.99 for flumist,$29.99 for Flu Shot,$33.99 for Intradermal,$74.99 for Pneumonia Shot,
4768,Rite Aid Pharmacy,Pharmacy,3823,Nostrand Avenue,,Brooklyn,NY,11235,41,-74,(718) 743-8933,,,,,$39.99 for flumist,$29.99 for Flu Shot,$33.99 for Intradermal,$74.99 for Pneumonia Shot,
4769,Rite Aid Pharmacy,Pharmacy,741,Columbus Avenue,,Manhattan,NY,10025,41,-74,(212) 316-0436,,,,,$39.99 for flumist,$29.99 for Flu Shot,$33.99 for Intradermal,$74.99 for Pneumonia Shot,
4770,Rite Aid Pharmacy,Pharmacy,691,CO-OP CITY BOULEVARD,,Bronx,NY,10475,41,-74,(718) 862-2847,,,,,$39.99 for flumist,$29.99 for Flu Shot,$33.99 for Intradermal,$74.99 for Pneumonia Shot,
4772,Rite Aid Pharmacy,Pharmacy,2712,Broadway,,Manhattan,NY,10025,41,-74,(212) 665-6200,,,,,$39.99 for flumist,$29.99 for Flu Shot,$33.99 for Intradermal,$74.99 for Pneumonia Shot,
4786,Rite Aid Pharmacy,Pharmacy,4046,Broadway,,Manhattan,NY,10032,41,-74,(212) 928-2550,,,,,$39.99 for flumist,$29.99 for Flu Shot,$33.99 for Intradermal,$74.99 for Pneumonia Shot,
4788,Rite Aid Pharmacy,Pharmacy,650,Castle Hill Avenue,,Bronx,NY,10473,41,-74,(718) 863-6304,,,,,$39.99 for flumist,$29.99 for Flu Shot,$33.99 for Intradermal,$74.99 for Pneumonia Shot,
4789,Kmart Pharmacy #7777,Pharmacy,770,Broadway,,Manhattan,NY,10003,41,-74,(212) 253-9661,,,,,,,,,
4790,Kmart Pharmacy #9420,Pharmacy,1998,Bruckner Blvd,,Bronx,NY,10473,41,-74,(718) 430-9513,,,,,,,,,
4792,Kmart Pharmacy #9419,Pharmacy,66-26,Metropolitan Avenue,,Queens,NY,11379,41,-74,(718) 386-0989,,,,,,,,,
4793,Kmart Pharmacy #7749,Pharmacy,250,West 34th Street,,Manhattan,NY,10001,41,-74,(212) 760-1242,,,,,,,,,
4806,Avenue C Pharmacy,Pharmacy,178,Avenue C,,Manhattan,NY,10009,41,-74,(212) 228-0764,(212) 228-0764,,,,,,,,
4807,Long Island City Chemists,Pharmacy,30-12,36th Avenue,,Queens,NY,11106,41,-74,(718) 392-8049,,,,,,,,,
4813,Rite Aid Pharmacy,Pharmacy,534,Hudson Street,,Manhattan,NY,10014,41,-74,(646) 486-1048,,,,,$39.99 for flumist,$29.99 for Flu Shot,$33.99 for Intradermal,$74.99 for Pneumonia Shot,
4815,Rite Aid Pharmacy,Pharmacy,47-07,Broadway,,Queens,NY,11103,41,-74,(718) 726-0801,,,,,$39.99 for flumist,$33.99 for Intradermal,$74.99 for Pneumonia Shot,$29.99 for Flu shot,
4819,Fuller Drugs,Pharmacy,2688,Third Ave,,Bronx,NY,10454,41,-74,(718) 292-4244,,,,,,,,,
4820,Stellas Pharmacy,Pharmacy,8722,Glenwood Road,,Brooklyn,NY,11236,41,-74,(718) 272-8450,,,,,,,,,
4822,Rite Aid Pharmacy,Pharmacy,58-01,Queens Boulevard,,Queens,NY,11377,41,-74,(718) 779-6431,,,,,$39.99 for flumist,$33.99 for Intradermal,$74.99 for Pneumonia Shot,$29.99 for Flu shot,
4831,Gristedes Pharmacy #544,Pharmacy,101             ,Clark Street,,Brooklyn,NY,11201,41,-74,(718) 834-9003,,,,,,,,,
4857,Walgreens Drug Store,Pharmacy,3575,Boston Road,,Bronx,NY,10469,41,-74,(800) 358-9950,,,,,$39.99 for flumist,$31.99 for Flu Shot,$89.99 for Pneumonia Shot,,
4865,Saldo Drugs,Pharmacy,384             ,Graham Avenue,,Brooklyn,NY,11211,41,-74,(718) 389-8015,,,,,$30.00 for Flu Shot,,,,
4934,Rite Aid Pharmacy,Pharmacy,                ,Grand Central Terminal,,Manhattan,NY,10017,41,-74,(212) 972-8052,,,,,$39.99 for flumist,$29.99 for Flu Shot,$33.99 for Intradermal,$74.99 for Pneumonia Shot,
4940,Rite Aid Pharmacy,Pharmacy,462,Fifth Avenue,,Brooklyn,NY,11215,41,-74,(718) 499-7500,,,,,$39.99 for flumist,$29.99 for Flu Shot,$33.99 for Intradermal,$74.99 for Pneumonia Shot,
4941,Rite Aid Pharmacy,Pharmacy,6201,Fourth Avenue,,Brooklyn,NY,11220,41,-74,(718) 567-9476,,,,,$39.99 for flumist,$29.99 for Flu Shot,$33.99 for Intradermal,$74.99 for Pneumonia Shot,
4942,Rite Aid Pharmacy,Pharmacy,4389,White Plains Road,,Bronx,NY,10466,41,-74,(718) 324-5386,,,,,$39.99 for flumist,$29.99 for Flu Shot,$33.99 for Intradermal,$74.99 for Pneumonia Shot,
4943,Rite Aid Pharmacy,Pharmacy,506,Utica Avenue,,Brooklyn,NY,11203,41,-74,(718) 604-1323,,,,,$39.99 for flumist,$29.99 for Flu Shot,$33.99 for Intradermal,$74.99 for Pneumonia Shot,
4944,Rite Aid Pharmacy,Pharmacy,249,7th Avenue,,Brooklyn,NY,11215,41,-74,(718) 768-9567,,,,,$39.99 for flumist,$29.99 for Flu Shot,$33.99 for Intradermal,$74.99 for Pneumonia Shot,
4945,Rite Aid Pharmacy,Pharmacy,2426,Eastchester Road,,Bronx,NY,10469,41,-74,(718) 653-3047,,,,,$39.99 for flumist,$29.99 for Flu Shot,$33.99 for Intradermal,$74.99 for Pneumonia Shot,
4946,Rite Aid Pharmacy,Pharmacy,355,Knickerbocker Avenue,,Brooklyn,NY,11237,41,-74,(718) 821-2678,,,,,$39.99 for flumist,$29.99 for Flu Shot,$33.99 for Intradermal,$74.99 for Pneumonia Shot,
4947,Rite Aid Pharmacy,Pharmacy,537,East 138th Street,,Bronx,NY,10454,41,-74,(718) 402-5550,,,,,$39.99 for flumist,$29.99 for Flu Shot,$33.99 for Intradermal,$74.99 for Pneumonia Shot,
4948,Rite Aid Pharmacy,Pharmacy,650,East Tremont Avenue,,Bronx,NY,10457,41,-74,(718) 466-0266,,,,,$39.99 for flumist,$29.99 for Flu Shot,$33.99 for Intradermal,$74.99 for Pneumonia Shot,
4949,Rite Aid Pharmacy,Pharmacy,3001,Mermaid Avenue,,Brooklyn,NY,11224,41,-74,(718) 373-2818,,,,,$39.99 for flumist,$29.99 for Flu Shot,$33.99 for Intradermal,$74.99 for Pneumonia Shot,
4950,Rite Aid Pharmacy,Pharmacy,302,Church Avenue,,Brooklyn,NY,11218,41,-74,(718) 437-7765,,,,,$39.99 for flumist,$29.99 for Flu Shot,$33.99 for Intradermal,$74.99 for Pneumonia Shot,
4951,Rite Aid Pharmacy,Pharmacy,5102,13th Avenue,,Brooklyn,NY,11219,41,-74,(718) 435-5684,,,,,$39.99 for flumist,$29.99 for Flu Shot,$33.99 for Intradermal,$74.99 for Pneumonia Shot,
4952,Rite Aid Pharmacy,Pharmacy,1998,Bruckner Blvd,,Bronx,NY,10473,41,-74,(718) 239-4428,,,,,$39.99 for flumist,$29.99 for Flu Shot,$33.99 for Intradermal,$74.99 for Pneumonia Shot,
4953,Rite Aid Pharmacy,Pharmacy,99,Avenue D,,Manhattan,NY,10009,41,-74,(212) 475-5315,,,,,$39.99 for flumist,$29.99 for Flu Shot,$33.99 for Intradermal,$74.99 for Pneumonia Shot,
4954,Rite Aid Pharmacy,Pharmacy,3480,JEROME AVE,,Bronx,NY,10467,41,-74,(718) 231-2609,,,,,$39.99 for flumist,$29.99 for Flu Shot,$33.99 for Intradermal,$74.99 for Pneumonia Shot,
4955,Rite Aid Pharmacy,Pharmacy,546,West 207th Street,,Manhattan,NY,10034,41,-74,(212) 942-1883,,,,,$39.99 for flumist,$29.99 for Flu Shot,$33.99 for Intradermal,$74.99 for Pneumonia Shot,
4956,Rite Aid Pharmacy,Pharmacy,1154,Clarkson Avenue,,Brooklyn,NY,11212,41,-74,(718) 345-6355,,,,,$39.99 for flumist,$29.99 for Flu Shot,$33.99 for Intradermal,$74.99 for Pneumonia Shot,
4957,Rite Aid Pharmacy,Pharmacy,1631,Pitkin Ave,,Brooklyn,NY,11212,41,-74,(718) 498-9530,,,,,$39.99 for flumist,$29.99 for Flu Shot,$33.99 for Intradermal,$74.99 for Pneumonia Shot,
4958,Rite Aid Pharmacy,Pharmacy,210,Amsterdam Ave,,Manhattan,NY,10023,41,-74,(212) 787-2903,,,,,$39.99 for flumist,$29.99 for Flu Shot,$33.99 for Intradermal,$74.99 for Pneumonia Shot,
4959,Rite Aid Pharmacy,Pharmacy,168,Montague Street,,Brooklyn,NY,11201,41,-74,(718) 522-2991,,,,,$39.99 for flumist,$29.99 for Flu Shot,$33.99 for Intradermal,$74.99 for Pneumonia Shot,
4960,Rite Aid Pharmacy,Pharmacy,1535,2nd Avenue,,Manhattan,NY,10075,41,-74,(212) 327-4757,,,,,$39.99 for flumist,$29.99 for Flu Shot,$33.99 for Intradermal,$74.99 for Pneumonia Shot,
4961,Rite Aid Pharmacy,Pharmacy,4123,Avenue D,,Brooklyn,NY,11203,41,-74,(718) 629-2275,,,,,$39.99 for flumist,$29.99 for Flu Shot,$33.99 for Intradermal,$74.99 for Pneumonia Shot,
4962,Rite Aid Pharmacy,Pharmacy,1516,Westchester Avenue,,Bronx,NY,10472,41,-74,(718) 861-2359,,,,,$39.99 for flumist,$29.99 for Flu Shot,$33.99 for Intradermal,$74.99 for Pneumonia Shot,
4963,Rite Aid Pharmacy,Pharmacy,239,East 198th Street,,Bronx,NY,10458,41,-74,(718) 933-1465,,,,,$39.99 for flumist,$29.99 for Flu Shot,$33.99 for Intradermal,$74.99 for Pneumonia Shot,
4964,Rite Aid Pharmacy,Pharmacy,309,West 125th Street,,Manhattan,NY,10027,41,-74,(212) 961-1246,,,,,$39.99 for flumist,$29.99 for Flu Shot,$33.99 for Intradermal,$74.99 for Pneumonia Shot,
4965,Rite Aid Pharmacy,Pharmacy,501,6th Avenue,,Manhattan,NY,10011,41,-74,(212) 727-3720,,,,,$39.99 for flumist,$29.99 for Flu Shot,$33.99 for Intradermal,$74.99 for Pneumonia Shot,
4966,Rite Aid Pharmacy,Pharmacy,6101,18th Avenue,,Brooklyn,NY,11204,41,-74,(718) 236-0146,,,,,$39.99 for flumist,$29.99 for Flu Shot,$33.99 for Intradermal,$74.99 for Pneumonia Shot,
4967,Rite Aid Pharmacy,Pharmacy,182,Smith Street,,Brooklyn,NY,11201,41,-74,(718) 246-4226,,,,,$39.99 for flumist,$29.99 for Flu Shot,$33.99 for Intradermal,$74.99 for Pneumonia Shot,
4968,Rite Aid Pharmacy,Pharmacy,2063,Bartow Avenue,,Bronx,NY,10475,41,-74,(718) 379-8022,,,,,$39.99 for flumist,$29.99 for Flu Shot,$33.99 for Intradermal,$74.99 for Pneumonia Shot,
4969,Rite Aid Pharmacy,Pharmacy,2324,Flatbush Avenue,,Brooklyn,NY,11234,41,-74,(718) 951-6869,,,,,$39.99 for flumist,$29.99 for Flu Shot,$33.99 for Intradermal,$74.99 for Pneumonia Shot,
4970,Rite Aid Pharmacy,Pharmacy,408,Grand Street,,Manhattan,NY,10002,41,-74,(212) 529-7115,,,,,$39.99 for flumist,$29.99 for Flu Shot,$33.99 for Intradermal,$74.99 for Pneumonia Shot,
4971,Rite Aid Pharmacy,Pharmacy,4232,BAYCHESTER AVE,,Bronx,NY,10466,41,-74,(718) 325-3100,,,,,$39.99 for flumist,$29.99 for Flu Shot,$33.99 for Intradermal,$74.99 for Pneumonia Shot,
4972,Rite Aid Pharmacy,Pharmacy,911,Morris Park Avenue,,Bronx,NY,10462,41,-74,(718) 409-3005,,,,,$39.99 for flumist,$29.99 for Flu Shot,$33.99 for Intradermal,$74.99 for Pneumonia Shot,
4973,Rite Aid Pharmacy,Pharmacy,4159,White Plains Road,,Bronx,NY,10466,41,-74,(718) 405-1394,,,,,$39.99 for flumist,$29.99 for Flu Shot,$33.99 for Intradermal,$74.99 for Pneumonia Shot,
4974,Rite Aid Pharmacy,Pharmacy,7821,3rd Avenue,,Brooklyn,NY,11209,41,-74,(718) 630-5482,,,,,$39.99 for flumist,$29.99 for Flu Shot,$33.99 for Intradermal,$74.99 for Pneumonia Shot,
4975,Rite Aid Pharmacy,Pharmacy,2007,86th Street,,Brooklyn,NY,11214,41,-74,(718) 373-8185,,,,,$39.99 for flumist,$29.99 for Flu Shot,$33.99 for Intradermal,$74.99 for Pneumonia Shot,
4976,Rite Aid Pharmacy,Pharmacy,2158,White Plains Road,,Bronx,NY,10462,41,-74,(718) 892-2288,,,,,$39.99 for flumist,$29.99 for Flu Shot,$33.99 for Intradermal,$74.99 for Pneumonia Shot,
4977,Rite Aid Pharmacy,Pharmacy,783,Manhattan Avenue,,Brooklyn,NY,11222,41,-74,(718) 383-6150,,,,,$39.99 for flumist,$29.99 for Flu Shot,$33.99 for Intradermal,$74.99 for Pneumonia Shot,
4978,Rite Aid Pharmacy,Pharmacy,344,Avenue X,,Brooklyn,NY,11223,41,-74,(718) 375-8257,,,,,$39.99 for flumist,$29.99 for Flu Shot,$33.99 for Intradermal,$74.99 for Pneumonia Shot,
4979,Rite Aid Pharmacy,Pharmacy,3040,Eastchester Road,,Bronx,NY,10469,41,-74,(718) 320-5101,,,,,$39.99 for flumist,$29.99 for Flu Shot,$33.99 for Intradermal,$74.99 for Pneumonia Shot,
4980,Rite Aid Pharmacy,Pharmacy,5901,Bay Parkway,,Brooklyn,NY,11204,41,-74,(718) 236-6366,,,,,$39.99 for flumist,$29.99 for Flu Shot,$33.99 for Intradermal,$74.99 for Pneumonia Shot,
4981,Rite Aid Pharmacy,Pharmacy,1179,East 233rd Street,,Bronx,NY,10466,41,-74,(718) 324-3668,,,,,$39.99 for flumist,$29.99 for Flu Shot,$33.99 for Intradermal,$74.99 for Pneumonia Shot,
4982,Rite Aid Pharmacy,Pharmacy,1510,Saint Nicholas Avenue,,Manhattan,NY,10033,41,-74,(917) 521-7814,,,,,$39.99 for flumist,$29.99 for Flu Shot,$33.99 for Intradermal,$74.99 for Pneumonia Shot,
4983,Rite Aid Pharmacy,Pharmacy,960,Halsey Street,,Brooklyn,NY,11233,41,-74,(718) 602-1607,,,,,$39.99 for flumist,$29.99 for Flu Shot,$33.99 for Intradermal,$74.99 for Pneumonia Shot,
4984,Rite Aid Pharmacy,Pharmacy,6900,4th Avenue,,Brooklyn,NY,11209,41,-74,(718) 748-8184,,,,,$39.99 for flumist,$29.99 for Flu Shot,$33.99 for Intradermal,$74.99 for Pneumonia Shot,
4985,Rite Aid Pharmacy,Pharmacy,2271,Richmond Avenue,,Staten Island,NY,10314,41,-74,(718) 698-0500,,,,,$39.99 for flumist,$29.99 for Flu Shot,$33.99 for Intradermal,$74.99 for Pneumonia Shot,
4986,Rite Aid Pharmacy,Pharmacy,1419,Newkirk Avenue,,Brooklyn,NY,11226,41,-74,(718) 940-1794,,,,,$39.99 for flumist,$29.99 for Flu Shot,$33.99 for Intradermal,$74.99 for Pneumonia Shot,
4987,Rite Aid Pharmacy,Pharmacy,892,Flatbush Avenue,,Brooklyn,NY,11226,41,-74,(718) 856-8841,,,,,$39.99 for flumist,$29.99 for Flu Shot,$33.99 for Intradermal,$74.99 for Pneumonia Shot,
4988,Rite Aid Pharmacy,Pharmacy,185,Kings Highway,,Brooklyn,NY,11223,41,-74,(718) 331-2019,,,,,$39.99 for flumist,$29.99 for Flu Shot,$33.99 for Intradermal,$74.99 for Pneumonia Shot,
4989,Rite Aid Pharmacy,Pharmacy,1950,Fulton Street,,Brooklyn,NY,11233,41,-74,(718) 493-0854,,,,,$39.99 for flumist,$29.99 for Flu Shot,$33.99 for Intradermal,$74.99 for Pneumonia Shot,
4990,Rite Aid Pharmacy,Pharmacy,301,West 50th Street,,Manhattan,NY,10019,41,-74,(212) 247-8384,,,,,$39.99 for flumist,$29.99 for Flu Shot,$33.99 for Intradermal,$74.99 for Pneumonia Shot,
4991,Rite Aid Pharmacy,Pharmacy,4102,Church Avenue,,Brooklyn,NY,11203,41,-74,(718) 940-1579,,,,,$39.99 for flumist,$29.99 for Flu Shot,$33.99 for Intradermal,$74.99 for Pneumonia Shot,
4992,Rite Aid Pharmacy,Pharmacy,3901,WHITE PLAINS ROAD,,Bronx,NY,10466,41,-74,(718) 652-7150,,,,,$39.99 for flumist,$29.99 for Flu Shot,$33.99 for Intradermal,$74.99 for Pneumonia Shot,
4993,Rite Aid Pharmacy,Pharmacy,9302,3rd Avenue,,Brooklyn,NY,11209,41,-74,(718) 491-0442,,,,,$39.99 for flumist,$29.99 for Flu Shot,$33.99 for Intradermal,$74.99 for Pneumonia Shot,
4994,Rite Aid Pharmacy,Pharmacy,1679,Bedford Avenue,,Brooklyn,NY,11225,41,-74,(718) 282-7476,,,,,$39.99 for flumist,$29.99 for Flu Shot,$33.99 for Intradermal,$74.99 for Pneumonia Shot,
4995,Rite Aid Pharmacy,Pharmacy,2155,THIRD AVENUE,,Manhattan,NY,10035,41,-74,(212) 534-9781,,,,,$39.99 for flumist,$29.99 for Flu Shot,$33.99 for Intradermal,$74.99 for Pneumonia Shot,
4996,Rite Aid Pharmacy,Pharmacy,950,Southern Blvd,,Bronx,NY,10459,41,-74,(718) 991-1376,,,,,$39.99 for flumist,$29.99 for Flu Shot,$33.99 for Intradermal,$74.99 for Pneumonia Shot,
4997,Rite Aid Pharmacy,Pharmacy,1720,Kings Highway,,Brooklyn,NY,11229,41,-74,(718) 998-3377,,,,,$39.99 for flumist,$29.99 for Flu Shot,$33.99 for Intradermal,$74.99 for Pneumonia Shot,
4998,Rite Aid Pharmacy,Pharmacy,516,East 14th Street,,Manhattan,NY,10009,41,-74,(212) 979-1455,,,,,$39.99 for flumist,$29.99 for Flu Shot,$33.99 for Intradermal,$74.99 for Pneumonia Shot,
4999,Rite Aid Pharmacy,Pharmacy,188,9th Avenue,,Manhattan,NY,10011,41,-74,(212) 727-9620,,,,,$39.99 for flumist,$29.99 for Flu Shot,$33.99 for Intradermal,$74.99 for Pneumonia Shot,
5000,Rite Aid Pharmacy,Pharmacy,88,Featherbed Lane,,Bronx,NY,10452,41,-74,(718) 901-3811,,,,,$39.99 for flumist,$29.99 for Flu Shot,$33.99 for Intradermal,$74.99 for Pneumonia Shot,
5001,Rite Aid Pharmacy,Pharmacy,81,1st Avenue,,Manhattan,NY,10003,41,-74,(212) 388-9348,,,,,$39.99 for flumist,$29.99 for Flu Shot,$33.99 for Intradermal,$74.99 for Pneumonia Shot,
5002,Rite Aid Pharmacy,Pharmacy,1559,Flatbush Avenue,,Brooklyn,NY,11210,41,-74,(718) 434-5755,,,,,$39.99 for flumist,$29.99 for Flu Shot,$33.99 for Intradermal,$74.99 for Pneumonia Shot,
5003,Rite Aid Pharmacy,Pharmacy,9738,Seaview Avenue,,Brooklyn,NY,11236,41,-74,(718) 968-1584,,,,,$39.99 for flumist,$29.99 for Flu Shot,$33.99 for Intradermal,$74.99 for Pneumonia Shot,
5004,Rite Aid Pharmacy,Pharmacy,1849,2nd Avenue,,Manhattan,NY,10128,41,-74,(212) 828-8664,,,,,$39.99 for flumist,$29.99 for Flu Shot,$33.99 for Intradermal,$74.99 for Pneumonia Shot,
5005,Rite Aid Pharmacy,Pharmacy,7,Madison Street,,Manhattan,NY,10038,41,-74,(212) 791-5795,,,,,$39.99 for flumist,$29.99 for Flu Shot,$33.99 for Intradermal,$74.99 for Pneumonia Shot,
5006,Rite Aid Pharmacy,Pharmacy,5224,Fifth Avenue,,Brooklyn,NY,11220,41,-74,(718) 765-1833,,,,,$39.99 for flumist,$29.99 for Flu Shot,$33.99 for Intradermal,$74.99 for Pneumonia Shot,
5007,Rite Aid Pharmacy,Pharmacy,282,8th Avenue,,Manhattan,NY,10001,41,-74,(212) 727-3854,,,,,$39.99 for flumist,$29.99 for Flu Shot,$33.99 for Intradermal,$74.99 for Pneumonia Shot,
5008,Rite Aid Pharmacy,Pharmacy,901,EAST GUNHILL ROAD,,Bronx,NY,10469,41,-74,(718) 231-6677,,,,,$39.99 for flumist,$29.99 for Flu Shot,$33.99 for Intradermal,$74.99 for Pneumonia Shot,
5009,Rite Aid Pharmacy,Pharmacy,2002,Avenue U,,Brooklyn,NY,11229,41,-74,(718) 769-2058,,,,,$39.99 for flumist,$29.99 for Flu Shot,$33.99 for Intradermal,$74.99 for Pneumonia Shot,
5010,Rite Aid Pharmacy,Pharmacy,32,East 170th Street,,Bronx,NY,10452,41,-74,(718) 588-6825,,,,,$39.99 for flumist,$29.99 for Flu Shot,$33.99 for Intradermal,$74.99 for Pneumonia Shot,
5011,Rite Aid Pharmacy,Pharmacy,57,East Burnside Avenue,,Bronx,NY,10453,41,-74,(718) 295-4533,,,,,$39.99 for flumist,$29.99 for Flu Shot,$33.99 for Intradermal,$74.99 for Pneumonia Shot,
5012,Rite Aid Pharmacy,Pharmacy,1540,Grand Concourse,,Bronx,NY,10457,41,-74,(718) 731-8733,,,,,$39.99 for flumist,$29.99 for Flu Shot,$33.99 for Intradermal,$74.99 for Pneumonia Shot,
5013,Rite Aid Pharmacy,Pharmacy,592,East 183rd Street,,Bronx,NY,10458,41,-74,(718) 220-2226,,,,,$39.99 for flumist,$29.99 for Flu Shot,$33.99 for Intradermal,$74.99 for Pneumonia Shot,
5014,Rite Aid Pharmacy,Pharmacy,3539,Broadway,,Manhattan,NY,10031,41,-74,(212) 281-2183,,,,,$39.99 for flumist,$29.99 for Flu Shot,$33.99 for Intradermal,$74.99 for Pneumonia Shot,
5015,Rite Aid Pharmacy,Pharmacy,27-07,Francis Lewis Blvd,,Queens,NY,11358,41,-74,(718) 352-7378,,,,,$39.99 for flumist,$29.99 for Flu Shot,$33.99 for Intradermal,$74.99 for Pneumonia Shot,
5016,Rite Aid Pharmacy,Pharmacy,186-16,Union Turnpike,,Queens,NY,11366,41,-74,(718) 264-0319,,,,,$39.99 for flumist,$29.99 for Flu Shot,$33.99 for Intradermal,$74.99 for Pneumonia Shot,
5017,Rite Aid Pharmacy,Pharmacy,39-20,Bell Blvd,,Queens,NY,11361,41,-74,(718) 224-2606,,,,,$39.99 for flumist,$29.99 for Flu Shot,$33.99 for Intradermal,$74.99 for Pneumonia Shot,
5018,Rite Aid Pharmacy,Pharmacy,144-29,Northern Blvd,,Queens,NY,11354,41,-74,(718) 886-1515,,,,,$39.99 for flumist,$29.99 for Flu Shot,$33.99 for Intradermal,$74.99 for Pneumonia Shot,
5019,Rite Aid Pharmacy,Pharmacy,119-04,Liberty Ave,,Queens,NY,11419,41,-74,(718) 835-2542,,,,,$39.99 for flumist,$29.99 for Flu Shot,$33.99 for Intradermal,$74.99 for Pneumonia Shot,
5020,Rite Aid Pharmacy,Pharmacy,162-19,Hillside Avenue,,Queens,NY,11432,41,-74,(718) 739-3451,,,,,$39.99 for flumist,$29.99 for Flu Shot,$33.99 for Intradermal,$74.99 for Pneumonia Shot,
5021,Rite Aid Pharmacy,Pharmacy,90-01,Sutphin Blvd,,Queens,NY,11435,41,-74,(718) 526-3824,,,,,$33.99 for Intradermal,$74.99 for Pneumonia Shot,$29.95 for Flu Shot,,
5022,Rite Aid Pharmacy,Pharmacy,115-10,Merrick Blvd,,Queens,NY,11434,41,-74,(718) 297-8350,,,,,$39.99 for flumist,$29.99 for Flu Shot,$33.99 for Intradermal,$74.99 for Pneumonia Shot,
5023,Rite Aid Pharmacy,Pharmacy,122-02,Liberty Avenue,,Queens,NY,11419,41,-74,(718) 843-7001,,,,,$39.99 for flumist,$29.99 for Flu Shot,$33.99 for Intradermal,$74.99 for Pneumonia Shot,
5024,Rite Aid Pharmacy,Pharmacy,109-07,101st Avenue,,Queens,NY,11419,41,-74,(718) 441-9311,,,,,$39.99 for flumist,$29.99 for Flu Shot,$33.99 for Intradermal,$74.99 for Pneumonia Shot,
5025,Rite Aid Pharmacy,Pharmacy,1532,86th Street,,Brooklyn,NY,11228,41,-74,(718) 234-8444,,,,,$39.99 for flumist,$29.99 for Flu Shot,$33.99 for Intradermal,$74.99 for Pneumonia Shot,
5026,Rite Aid Pharmacy,Pharmacy,4910,Broadway,,Manhattan,NY,10034,41,-74,(212) 569-2512,,,,,$39.99 for flumist,$29.99 for Flu Shot,$33.99 for Intradermal,$74.99 for Pneumonia Shot,
5027,Rite Aid Pharmacy,Pharmacy,35,West 125TH Street,,Manhattan,NY,10027,41,-74,(212) 828-1772,,,,,$39.99 for flumist,$29.99 for Flu Shot,$33.99 for Intradermal,$74.99 for Pneumonia Shot,
5028,Rite Aid Pharmacy,Pharmacy,542,Second Avenue,,Manhattan,NY,10016,41,-74,(212) 213-9887,,,,,$39.99 for flumist,$29.99 for Flu Shot,$33.99 for Intradermal,$74.99 for Pneumonia Shot,
5043,Rite Aid Pharmacy,Pharmacy,71-18,Kissena Boulevard,,Queens,NY,11367,41,-74,(718) 793-3400,,,,,$39.99 for flumist,$29.99 for Flu Shot,$33.99 for Intradermal,$74.99 for Pneumonia Shot,
5044,Rite Aid Pharmacy,Pharmacy,55-60,Myrtle Avenue,,Queens,NY,11385,41,-74,(718) 456-8555,,,,,$39.99 for flumist,$29.99 for Flu Shot,$33.99 for Intradermal,$74.99 for Pneumonia Shot,
5045,Rite Aid Pharmacy,Pharmacy,89-10,Jamaica Avenue,,Queens,NY,11421,41,-74,(718) 849-7777,,,,,$39.99 for flumist,$29.99 for Flu Shot,$33.99 for Intradermal,$74.99 for Pneumonia Shot,
5046,Rite Aid Pharmacy,Pharmacy,78-14,Linden Boulevard,,Queens,NY,11414,41,-74,(718) 296-2581,,,,,$39.99 for flumist,$29.99 for Flu Shot,$33.99 for Intradermal,$74.99 for Pneumonia Shot,
5047,Rite Aid Pharmacy,Pharmacy,7812,Flatlands Avenue,,Brooklyn,NY,11236,41,-74,(718) 531-5023,,,,,$39.99 for flumist,$29.99 for Flu Shot,$33.99 for Intradermal,$74.99 for Pneumonia Shot,
5048,Rite Aid Pharmacy,Pharmacy,2819,Church Avenue,,Brooklyn,NY,11226,41,-74,(718) 940-3461,,,,,$39.99 for flumist,$29.99 for Flu Shot,$33.99 for Intradermal,$74.99 for Pneumonia Shot,
5049,Rite Aid Pharmacy,Pharmacy,1091,Ogden Avenue,,Bronx,NY,10452,41,-74,(718) 293-5271,,,,,$39.99 for flumist,$29.99 for Flu Shot,$33.99 for Intradermal,$74.99 for Pneumonia Shot,
5050,Rite Aid Pharmacy,Pharmacy,49,West Fordham Road,,Bronx,NY,10468,41,-74,(718) 733-3808,,,,,$39.99 for flumist,$29.99 for Flu Shot,$33.99 for Intradermal,$74.99 for Pneumonia Shot,
5051,Rite Aid Pharmacy,Pharmacy,218-35,Hempstead Avenue,,Queens,NY,11429,41,-74,(718) 465-8046,,,,,$39.99 for flumist,$29.99 for Flu Shot,$33.99 for Intradermal,$74.99 for Pneumonia Shot,
5052,Rite Aid Pharmacy,Pharmacy,2750,Boston Road,,Bronx,NY,10467,41,-74,(718) 405-2127,,,,,$39.99 for flumist,$29.99 for Flu Shot,$33.99 for Intradermal,$74.99 for Pneumonia Shot,
5187,Rite Aid Pharmacy,Pharmacy,4188,Broadway,,Manhattan,NY,10033,41,-74,(212) 781-5396,,,,,$39.99 for flumist,$29.99 for Flu Shot,$33.99 for Intradermal,$74.99 for Pneumonia Shot,
5250,Walgreens Drug Store,Pharmacy,5564,Broadway,,Bronx,NY,10463,41,-74,(800) 358-9950,,,,,$39.99 for flumist,$31.99 for Flu Shot,$89.99 for Pneumonia Shot,,
5251,Walgreens Drug Store,Pharmacy,33-55,Crescent Street,,Queens,NY,11106,41,-74,(800) 358-9950,,,,,$39.99 for flumist,$31.99 for Flu Shot,$89.99 for Pneumonia Shot,,
5252,Walgreens Drug Store,Pharmacy,532,Neptune Avenue,,Brooklyn,NY,11224,41,-74,(800) 358-9950,,,,,$39.99 for flumist,$31.99 for Flu Shot,$89.99 for Pneumonia Shot,,
5253,Walgreens Drug Store,Pharmacy,104-25,Queens Boulevard,,Queens,NY,11375,41,-74,(800) 358-9950,,,,,$39.99 for flumist,$31.99 for Flu Shot,$89.99 for Pneumonia Shot,,
5254,Walgreens Drug Store,Pharmacy,44-15,Kissena Boulevard,,Queens,NY,11355,41,-74,(800) 358-9950,,,,,$39.99 for flumist,$31.99 for Flu Shot,$89.99 for Pneumonia Shot,,
5255,Walgreens Drug Store,Pharmacy,1579,Forest Avenue,,Staten Island,NY,10302,41,-74,(800) 358-9950,,,,,$39.99 for flumist,$31.99 for Flu Shot,$89.99 for Pneumonia Shot,,
5256,Walgreens Drug Store,Pharmacy,82-77,Broadway,,Queens,NY,11373,41,-74,(800) 358-9950,,,,,$39.99 for flumist,$31.99 for Flu Shot,$89.99 for Pneumonia Shot,,
5257,Walgreens Drug Store,Pharmacy,755,Broadway,,Brooklyn,NY,11206,41,-74,(800) 358-9950,,,,,$39.99 for flumist,$31.99 for Flu Shot,$89.99 for Pneumonia Shot,,
5258,Walgreens Drug Store,Pharmacy,109-62,Francis Lewis boulevard,,Queens,NY,11429,41,-74,(800) 358-9950,,,,,$39.99 for flumist,$31.99 for Flu Shot,$89.99 for Pneumonia Shot,,
5259,Walgreens Drug Store,Pharmacy,1973,Forest Avenue,,Staten Island,NY,10303,41,-74,(800) 358-9950,,,,,$39.99 for flumist,$31.99 for Flu Shot,$89.99 for Pneumonia Shot,,
5260,Walgreens Drug Store,Pharmacy,5716,Avenue U,,Brooklyn,NY,11234,41,-74,(800) 358-9950,,,,,$39.99 for flumist,$31.99 for Flu Shot,$89.99 for Pneumonia Shot,,
5262,Walgreens Drug Store,Pharmacy,84-20,Broadway,,Queens,NY,11373,41,-74,(800) 358-9950,,,,,$39.99 for flumist,$31.99 for Flu Shot,$89.99 for Pneumonia Shot,,
5263,Walgreens Drug Store,Pharmacy,503,Atlantic Ave,,Brooklyn,NY,11217,41,-74,(800) 358-9950,,,,,$39.99 for flumist,$31.99 for Flu Shot,$89.99 for Pneumonia Shot,,
5264,Walgreens Drug Store,Pharmacy,210-232,Union Ave,,Brooklyn,NY,11211,41,-74,(800) 358-9950,,,,,$39.99 for flumist,$31.99 for Flu Shot,$89.99 for Pneumonia Shot,,
5265,Walgreens Drug Store,Pharmacy,119-0-119-2,Rockaway Blvd,,Queens,NY,11420,41,-74,(800) 358-9950,,,,,$39.99 for flumist,$31.99 for Flu Shot,$89.99 for Pneumonia Shot,,
5266,Walgreens Drug Store,Pharmacy,159-34-159-58,Jamaica Ave,,Queens,NY,11432,41,-74,(800) 358-9950,,,,,$39.99 for flumist,$31.99 for Flu Shot,$89.99 for Pneumonia Shot,,
5267,Walgreens Drug Store,Pharmacy,127,Guy R Brewer Blvd,,Queens,NY,11434,41,-74,(800) 358-9950,,,,,$39.99 for flumist,$31.99 for Flu Shot,$89.99 for Pneumonia Shot,,
5268,Walgreens Drug Store,Pharmacy,149-16-149-28,14th Ave,,Queens,NY,11357,41,-74,(800) 358-9950,,,,,$39.99 for flumist,$31.99 for Flu Shot,$89.99 for Pneumonia Shot,,
5269,Walgreens Drug Store,Pharmacy,219-14-219-88,Merrick Blvd,,Queens,NY,11413,41,-74,(800) 358-9950,,,,,$39.99 for flumist,$31.99 for Flu Shot,$89.99 for Pneumonia Shot,,
5270,Walgreens Drug Store,Pharmacy,53,Williamsbridge Rd,,Bronx,NY,10461,41,-74,(800) 358-9950,,,,,$39.99 for flumist,$31.99 for Flu Shot,$89.99 for Pneumonia Shot,,
5271,Walgreens Drug Store,Pharmacy,144,4th Ave,,Manhattan,NY,10003,41,-74,(800) 358-9950,,,,,$39.99 for flumist,$31.99 for Flu Shot,$89.99 for Pneumonia Shot,,
5272,Walgreens Drug Store,Pharmacy,1547-1551,Richmond Ave,,Staten Island,NY,10314,41,-74,(800) 358-9950,,,,,$39.99 for flumist,$31.99 for Flu Shot,$89.99 for Pneumonia Shot,,
5273,Walgreens Drug Store,Pharmacy,946,Kings Highway,,Brooklyn,NY,11223,41,-74,(800) 358-9950,,,,,$39.99 for flumist,$31.99 for Flu Shot,$89.99 for Pneumonia Shot,,
5274,Walgreens Drug Store,Pharmacy,103-14,Roosevelt Avenue,,Queens,NY,11368,41,-74,(800) 358-9950,,,,,$39.99 for flumist,$31.99 for Flu Shot,$89.99 for Pneumonia Shot,,
5275,Walgreens Drug Store,Pharmacy,1227,Forest Avenue,,Staten Island,NY,10310,41,-74,(800) 358-9950,,,,,$39.99 for flumist,$31.99 for Flu Shot,$89.99 for Pneumonia Shot,,
5276,Walgreens Drug Store,Pharmacy,14-01,College Point Boulevard,,Queens,NY,11356,41,-74,(800) 358-9950,,,,,$39.99 for flumist,$31.99 for Flu Shot,$89.99 for Pneumonia Shot,,
5277,Walgreens Drug Store,Pharmacy,33,East 23rd Street,,Manhattan,NY,10010,41,-74,(800) 358-9950,,,,,$39.99 for flumist,$31.99 for Flu Shot,$89.99 for Pneumonia Shot,,
5278,Walgreens Drug Store,Pharmacy,1759,Hylan Boulevard,,Staten Island,NY,10305,41,-74,(800) 358-9950,,,,,$39.99 for flumist,$31.99 for Flu Shot,$89.99 for Pneumonia Shot,,
5279,Walgreens Drug Store,Pharmacy,83-45,Langdale Street,,Queens,NY,11004,41,-74,(800) 358-9950,,,,,$39.99 for flumist,$31.99 for Flu Shot,$89.99 for Pneumonia Shot,,
5280,Walgreens Drug Store,Pharmacy,955,Manor Road,,Staten Island,NY,10314,41,-74,(800) 358-9950,,,,,$39.99 for flumist,$31.99 for Flu Shot,$89.99 for Pneumonia Shot,,
5281,Walgreens Drug Store,Pharmacy,20,Astor Place,,Manhattan,NY,10003,41,-74,(800) 358-9950,,,,,$39.99 for flumist,$31.99 for Flu Shot,$89.99 for Pneumonia Shot,,
5528,DUANE READE PHARMACY,Pharmacy,91-21,QUEENS BOULEVARD,,Queens,NY,11373,41,-74,(718) 898-3970,,,,,$31.99 for Flu Shot,$79.99 for Pneumonia Shot,,,
5282,Walgreens Drug Store,Pharmacy,80-11,Eliot Avenue,,Queens,NY,11379,41,-74,(800) 358-9950,,,,,$39.99 for flumist,$31.99 for Flu Shot,$89.99 for Pneumonia Shot,,
5283,Walgreens Drug Store,Pharmacy,7815,Northern Boulevard,,Queens,NY,11372,41,-74,(800) 358-9950,,,,,$39.99 for flumist,$31.99 for Flu Shot,$89.99 for Pneumonia Shot,,
5284,Walgreens Drug Store,Pharmacy,2101,Church Avenue,,Brooklyn,NY,11226,41,-74,(800) 358-9950,,,,,$39.99 for flumist,$31.99 for Flu Shot,$89.99 for Pneumonia Shot,,
5285,Walgreens Drug Store,Pharmacy,298,1st Avenue,,Manhattan,NY,10009,41,-74,(800) 358-9950,,,,,$39.99 for flumist,$31.99 for Flu Shot,$89.99 for Pneumonia Shot,,
5286,Walgreens Drug Store,Pharmacy,1000,2nd Avenue,,Manhattan,NY,10022,41,-74,(800) 358-9950,,,,,$39.99 for flumist,$31.99 for Flu Shot,$89.99 for Pneumonia Shot,,
5287,Walgreens Drug Store,Pharmacy,713,Brighton Beach Avenue,,Brooklyn,NY,11235,41,-74,(800) 358-9950,,,,,$39.99 for flumist,$31.99 for Flu Shot,$89.99 for Pneumonia Shot,,
5288,Walgreens Drug Store,Pharmacy,406,E Fordham Rd,,Bronx,NY,10458,41,-74,(800) 358-9950,,,,,$39.99 for flumist,$31.99 for Flu Shot,$89.99 for Pneumonia Shot,,
5289,Walgreens Drug Store,Pharmacy,1165,3rd Ave,,Manhattan,NY,10065,41,-74,(800) 358-9950,,,,,$39.99 for flumist,$31.99 for Flu Shot,$89.99 for Pneumonia Shot,,
5290,Walgreens Drug Store,Pharmacy,373-379,Myrtle Ave,,Brooklyn,NY,11205,41,-74,(800) 358-9950,,,,,$39.99 for flumist,$31.99 for Flu Shot,$89.99 for Pneumonia Shot,,
5291,Walgreens Drug Store,Pharmacy,2568-2574,Broadway,,Manhattan,NY,10025,41,-74,(800) 358-9950,,,,,$39.99 for flumist,$31.99 for Flu Shot,$89.99 for Pneumonia Shot,,
5292,Walgreens Drug Store,Pharmacy,3001-3009,Church Ave,,Brooklyn,NY,11226,41,-74,(800) 358-9950,,,,,$39.99 for flumist,$31.99 for Flu Shot,$89.99 for Pneumonia Shot,,
5293,Walgreens Drug Store,Pharmacy,2400-2424,Boston Rd,,Bronx,NY,10467,41,-74,(800) 358-9950,,,,,$39.99 for flumist,$31.99 for Flu Shot,$89.99 for Pneumonia Shot,,
5294,Walgreens Drug Store,Pharmacy,73-1-73-15,Kissena Blvd,,Queens,NY,11367,41,-74,(800) 358-9950,,,,,$39.99 for flumist,$31.99 for Flu Shot,$89.99 for Pneumonia Shot,,
5295,Walgreens Drug Store,Pharmacy,1366,Broadway,,Brooklyn,NY,11221,41,-74,(800) 358-9950,,,,,$39.99 for flumist,$31.99 for Flu Shot,$89.99 for Pneumonia Shot,,
5296,Walgreens Drug Store,Pharmacy,1370,Metropolitan Ave,,Bronx,NY,10462,41,-74,(800) 358-9950,,,,,$39.99 for flumist,$31.99 for Flu Shot,$89.99 for Pneumonia Shot,,
5297,Walgreens Drug Store,Pharmacy,7002,13th Avenue,,Brooklyn,NY,11228,41,-74,(800) 358-9950,,,,,$39.99 for flumist,$31.99 for Flu Shot,$89.99 for Pneumonia Shot,,
5298,Walgreens Drug Store,Pharmacy,1401,Avenue J,,Brooklyn,NY,11230,41,-74,(800) 358-9950,,,,,$39.99 for flumist,$31.99 for Flu Shot,$89.99 for Pneumonia Shot,,
5299,Walgreens Drug Store,Pharmacy,6628,18th Avenue,,Brooklyn,NY,11204,41,-74,(800) 358-9950,,,,,$39.99 for flumist,$31.99 for Flu Shot,$89.99 for Pneumonia Shot,,
5300,Walgreens Drug Store,Pharmacy,2817,3rd Avenue,,Bronx,NY,10455,41,-74,(800) 358-9950,,,,,$39.99 for flumist,$31.99 for Flu Shot,$89.99 for Pneumonia Shot,,
5301,Walgreens Drug Store,Pharmacy,114,Beverly Road,,Brooklyn,NY,11218,41,-74,(800) 358-9950,,,,,$39.99 for flumist,$31.99 for Flu Shot,$89.99 for Pneumonia Shot,,
5303,Walgreens Drug Store,Pharmacy,545,3rd Avenue,,Manhattan,NY,10016,41,-74,(800) 358-9950,,,,,$39.99 for flumist,$31.99 for Flu Shot,$89.99 for Pneumonia Shot,,
5304,Walgreens Drug Store,Pharmacy,1471,Broadway,,Manhattan,NY,10036,41,-74,(800) 358-9950,,,,,$39.99 for flumist,$31.99 for Flu Shot,$89.99 for Pneumonia Shot,,
5305,Walgreens Drug Store,Pharmacy,1404,Rockaway Parkway,,Brooklyn,NY,11236,41,-74,(800) 358-9950,,,,,$39.99 for flumist,$31.99 for Flu Shot,$89.99 for Pneumonia Shot,,
5306,Walgreens Drug Store,Pharmacy,285,Kings Highway,,Brooklyn,NY,11223,41,-74,(800) 358-9950,,,,,$39.99 for flumist,$31.99 for Flu Shot,$89.99 for Pneumonia Shot,,
5307,Walgreens Drug Store,Pharmacy,2504,Eastchester Road,,Bronx,NY,10469,41,-74,(800) 358-9950,,,,,$39.99 for flumist,$31.99 for Flu Shot,$89.99 for Pneumonia Shot,,
5309,Walgreens Drug Store,Pharmacy,353,West 57th Street,,Manhattan,NY,10019,41,-74,(800) 358-9950,,,,,$39.99 for flumist,$31.99 for Flu Shot,$89.99 for Pneumonia Shot,,
5310,Walgreens Drug Store,Pharmacy,9408,3rd Avenue,,Brooklyn,NY,11209,41,-74,(800) 358-9950,,,,,$39.99 for flumist,$31.99 for Flu Shot,$89.99 for Pneumonia Shot,,
5311,Walgreens Drug Store,Pharmacy,1612,Westchester Avenue,,Bronx,NY,10472,41,-74,(800) 358-9950,,,,,$39.99 for flumist,$31.99 for Flu Shot,$89.99 for Pneumonia Shot,,
5312,Rite Aid Pharmacy,Pharmacy,925,Soundview Avenue,,Bronx,NY,10473,41,-74,(718) 328-2129,,,,,$39.99 for flumist,$29.99 for Flu Shot,$33.99 for Intradermal,$74.99 for Pneumonia Shot,
5313,Rite Aid Pharmacy,Pharmacy,1360,Hylan Blvd,,Staten Island,NY,10305,41,-74,(718) 987-7300,,,,,$39.99 for flumist,$29.99 for Flu Shot,$33.99 for Intradermal,$74.99 for Pneumonia Shot,
5314,Rite Aid Pharmacy,Pharmacy,1299,2nd Avenue,,Manhattan,NY,10065,41,-74,(212) 772-0104,,,,,$39.99 for flumist,$29.99 for Flu Shot,$33.99 for Intradermal,$74.99 for Pneumonia Shot,
5315,Rite Aid Pharmacy,Pharmacy,7009,13th Avenue,,Brooklyn,NY,11228,41,-74,(718) 256-1761,,,,,$39.99 for flumist,$29.99 for Flu Shot,$33.99 for Intradermal,$74.99 for Pneumonia Shot,
5316,Rite Aid Pharmacy,Pharmacy,2064,Mill Avenue,,Brooklyn,NY,11234,41,-74,(718) 531-0408,,,,,$39.99 for flumist,$29.99 for Flu Shot,$33.99 for Intradermal,$74.99 for Pneumonia Shot,
5317,Rite Aid Pharmacy,Pharmacy,320,Smith Street,,Brooklyn,NY,11231,41,-74,(718) 403-9371,,,,,$39.99 for flumist,$29.99 for Flu Shot,$33.99 for Intradermal,$74.99 for Pneumonia Shot,
5318,Rite Aid Pharmacy,Pharmacy,723,Manhattan Avenue,,Brooklyn,NY,11222,41,-74,(718) 383-7967,,,,,$39.99 for flumist,$29.99 for Flu Shot,$33.99 for Intradermal,$74.99 for Pneumonia Shot,
5319,Rite Aid Pharmacy,Pharmacy,840,Westchester Avenue,,Bronx,NY,10459,41,-74,(718) 378-4600,,,,,$39.99 for flumist,$29.99 for Flu Shot,$33.99 for Intradermal,$74.99 for Pneumonia Shot,
5320,Walgreens Drug Store,Pharmacy,3085,East Tremont,,Bronx,NY,10461,41,-74,(800) 358-9950,,,,,$39.99 for flumist,$31.99 for Flu Shot,$89.99 for Pneumonia Shot,,
5321,Walgreens Drug Store,Pharmacy,5001,Church Ave,,Brooklyn,NY,11203,41,-74,(800) 358-9950,,,,,$39.99 for flumist,$31.99 for Flu Shot,$89.99 for Pneumonia Shot,,
5322,Walgreens Drug Store,Pharmacy,3082,Avenue U,,Brooklyn,NY,11229,41,-74,(800) 358-9950,,,,,$39.99 for flumist,$31.99 for Flu Shot,$89.99 for Pneumonia Shot,,
5323,Walgreens Drug Store,Pharmacy,4915,Flatlands Ave,,Brooklyn,NY,11234,41,-74,(800) 358-9950,,,,,$39.99 for flumist,$31.99 for Flu Shot,$89.99 for Pneumonia Shot,,
5324,Walgreens Drug Store,Pharmacy,2590,Coney Island Avenue,,Brooklyn,NY,11223,41,-74,(800) 358-9950,,,,,$39.99 for flumist,$31.99 for Flu Shot,$89.99 for Pneumonia Shot,,
5325,Walgreens Drug Store,Pharmacy,1847,Rockaway Pky,,Brooklyn,NY,11236,41,-74,(800) 358-9950,,,,,$39.99 for flumist,$31.99 for Flu Shot,$89.99 for Pneumonia Shot,,
5326,Walgreens Drug Store,Pharmacy,1328,2nd Avenue,,Manhattan,NY,10021,41,-74,(800) 358-9950,,,,,$39.99 for flumist,$31.99 for Flu Shot,$89.99 for Pneumonia Shot,,
5327,Walgreens Drug Store,Pharmacy,218-51,Hempstead Ave,,Queens,NY,11429,41,-74,(800) 358-9950,,,,,$39.99 for flumist,$31.99 for Flu Shot,$89.99 for Pneumonia Shot,,
5328,Walgreens Drug Store,Pharmacy,758,Arthur Kill Road,,Staten Island,NY,10312,41,-74,(800) 358-9950,,,,,$39.99 for flumist,$31.99 for Flu Shot,$89.99 for Pneumonia Shot,,
5329,Walgreens Drug Store,Pharmacy,2270,Clove Rd,,Staten Island,NY,10305,41,-74,(800) 358-9950,,,,,$39.99 for flumist,Call for pricing information.,$31.99 for Flu Shot,$89.99 for Pneumonia Shot,
5330,Walgreens Drug Store,Pharmacy,570,Tompkins Ave,,Staten Island,NY,10305,41,-74,(800) 358-9950,,,,,$39.99 for flumist,$31.99 for Flu Shot,$89.99 for Pneumonia Shot,,
5337,Rite Aid Pharmacy,Pharmacy,237,Avenue U,,Brooklyn,NY,11223,41,-74,(718) 946-4370,,,,,$39.99 for flumist,$29.99 for Flu Shot,$33.99 for Intradermal,$74.99 for Pneumonia Shot,
5338,Rite Aid Pharmacy,Pharmacy,5825,Broadway,,Bronx,NY,10463,41,-74,(718) 581-0840,,,,,$39.99 for flumist,$29.99 for Flu Shot,$33.99 for Intradermal,$74.99 for Pneumonia Shot,
5339,Rite Aid Pharmacy,Pharmacy,4368,Amboy Road,,Staten Island,NY,10312,41,-74,(718) 227-3049,,,,,$39.99 for flumist,$29.99 for Flu Shot,$33.99 for Intradermal,$74.99 for Pneumonia Shot,
5340,Rite Aid Pharmacy,Pharmacy,120,Court Street,,Brooklyn,NY,11201,41,-74,(718) 643-2146,,,,,$39.99 for flumist,$29.99 for Flu Shot,$33.99 for Intradermal,$74.99 for Pneumonia Shot,
5341,Rite Aid Pharmacy,Pharmacy,3012,3RD AVE,,Bronx,NY,10455,41,-74,(718) 665-6506,,,,,$39.99 for flumist,$29.99 for Flu Shot,$33.99 for Intradermal,$74.99 for Pneumonia Shot,
5342,Rite Aid Pharmacy,Pharmacy,5237,Broadway,,Bronx,NY,10463,41,-74,(718) 733-4880,,,,,$39.99 for flumist,$29.99 for Flu Shot,$33.99 for Intradermal,$74.99 for Pneumonia Shot,
5343,Rite Aid Pharmacy,Pharmacy,2748,East Tremont Avenue,,Bronx,NY,10461,41,-74,(718) 829-6808,,,,,$39.99 for flumist,$29.99 for Flu Shot,$33.99 for Intradermal,$74.99 for Pneumonia Shot,
5344,Rite Aid Pharmacy,Pharmacy,3590,East Tremont Avenue,,Bronx,NY,10465,41,-74,(718) 792-9258,,,,,$39.99 for flumist,$29.99 for Flu Shot,$33.99 for Intradermal,$74.99 for Pneumonia Shot,
5345,Rite Aid Pharmacy,Pharmacy,2981,Ocean Avenue,,Brooklyn,NY,11235,41,-74,(718) 332-1001,,,,,$39.99 for flumist,$29.99 for Flu Shot,$33.99 for Intradermal,$74.99 for Pneumonia Shot,
5530,DUANE READE PHARMACY,Pharmacy,666,Courtlandt Ave,,Bronx,NY,10451,41,-74,(718) 292-1856,,,,,$31.99 for Flu Shot,$79.99 for Pneumonia Shot,,,
5346,Rite Aid Pharmacy,Pharmacy,7501,5th Avenue,,Brooklyn,NY,11209,41,-74,(718) 492-4495,,,,,$39.99 for flumist,$29.99 for Flu Shot,$33.99 for Intradermal,$74.99 for Pneumonia Shot,
5347,Rite Aid Pharmacy,Pharmacy,21B,Knolls Crescent,,Bronx,NY,10463,41,-74,(718) 432-3030,,,,,$39.99 for flumist,$29.99 for Flu Shot,$33.99 for Intradermal,$74.99 for Pneumonia Shot,
5348,Rite Aid Pharmacy,Pharmacy,1033,St.Nicholas Ave,,Manhattan,NY,10032,41,-74,(212) 795-3218,,,,,$39.99 for flumist,$29.99 for Flu Shot,$33.99 for Intradermal,$74.99 for Pneumonia Shot,
5350,Rite Aid Pharmacy,Pharmacy,8222,18th avenue,,Brooklyn,NY,11214,41,-74,(718) 256-6635,,,,,$39.99 for flumist,$29.99 for Flu Shot,$33.99 for Intradermal,$74.99 for Pneumonia Shot,
5351,Rite Aid Pharmacy,Pharmacy,6423,Fort Hamilton Parkway,,Brooklyn,NY,11219,41,-74,(718) 567-0890,,,,,$39.99 for flumist,$29.99 for Flu Shot,$33.99 for Intradermal,$74.99 for Pneumonia Shot,
5352,Rite Aid Pharmacy,Pharmacy,15-08,College Point Blvd,,Queens,NY,11356,41,-74,(718) 445-5800,,,,,$39.99 for flumist,$29.99 for Flu Shot,$33.99 for Intradermal,$74.99 for Pneumonia Shot,
5353,Rite Aid Pharmacy,Pharmacy,153-65,Cross Island Pkwy,,Queens,NY,11357,41,-74,(718) 767-6000,,,,,$39.99 for flumist,$29.99 for Flu Shot,$33.99 for Intradermal,$74.99 for Pneumonia Shot,
5354,Rite Aid Pharmacy,Pharmacy,19-23,Utopia Parkway,,Queens,NY,11357,41,-74,(718) 767-4854,,,,,$39.99 for flumist,$29.99 for Flu Shot,$33.99 for Intradermal,$74.99 for Pneumonia Shot,
5355,Rite Aid Pharmacy,Pharmacy,43-20,Bell Blvd,,Queens,NY,11361,41,-74,(718) 631-8200,,,,,$39.99 for flumist,$29.99 for Flu Shot,$33.99 for Intradermal,$74.99 for Pneumonia Shot,
5356,Rite Aid Pharmacy,Pharmacy,61-29,Springfield Blvd,,Queens,NY,11364,41,-74,(718) 428-8888,,,,,$39.99 for flumist,$29.99 for Flu Shot,$33.99 for Intradermal,$74.99 for Pneumonia Shot,
5357,Rite Aid Pharmacy,Pharmacy,69-62,188th Street,,Queens,NY,11365,41,-74,(718) 969-2890,,,,,$39.99 for flumist,$29.99 for Flu Shot,$33.99 for Intradermal,$74.99 for Pneumonia Shot,
5358,Rite Aid Pharmacy,Pharmacy,96-02,Rockaway Blvd,,Queens,NY,11417,41,-74,(718) 848-2334,,,,,$39.99 for flumist,$29.99 for Flu Shot,$33.99 for Intradermal,$74.99 for Pneumonia Shot,
5359,Rite Aid Pharmacy,Pharmacy,2170,Frederick Douglass Blvd,,Manhattan,NY,10026,41,-74,(212) 666-3013,,,,,$39.99 for flumist,$29.99 for Flu Shot,$33.99 for Intradermal,$74.99 for Pneumonia Shot,
5364,Rite Aid Pharmacy,Pharmacy,36-01,Broadway,,Queens,NY,11106,41,-74,(718) 721-3486,,,,,$39.99 for flumist,$29.99 for Flu Shot,$33.99 for Intradermal,$74.99 for Pneumonia Shot,
5372,Rite Aid Pharmacy,Pharmacy,65-35,Woodhaven Blvd,,Queens,NY,11374,41,-74,(718) 520-6744,,,,,$39.99 for flumist,$29.99 for Flu Shot,$33.99 for Intradermal,$74.99 for Pneumonia Shot,
5373,Rite Aid Pharmacy,Pharmacy,110-88,Queens Blvd,,Queens,NY,11375,41,-74,(718) 275-5252,,,,,$39.99 for flumist,$29.99 for Flu Shot,$33.99 for Intradermal,$74.99 for Pneumonia Shot,
5374,Rite Aid Pharmacy,Pharmacy,60-36,Myrtle Avenue,,Queens,NY,11385,41,-74,(718) 497-5190,,,,,$39.99 for flumist,$29.99 for Flu Shot,$33.99 for Intradermal,$74.99 for Pneumonia Shot,
5375,Rite Aid Pharmacy,Pharmacy,583,Grandview Avenue,,Queens,NY,11385,41,-74,(718) 326-4752,,,,,$39.99 for flumist,$29.99 for Flu Shot,$33.99 for Intradermal,$74.99 for Pneumonia Shot,
5376,Rite Aid Pharmacy,Pharmacy,2577,Nostrand  Avenue,,Brooklyn,NY,11210,41,-74,(718) 258-1812,,,,,$39.99 for flumist,$29.99 for Flu Shot,$33.99 for Intradermal,$74.99 for Pneumonia Shot,
5377,Rite Aid Pharmacy,Pharmacy,160-10,Cross Bay Boulevard,,Queens,NY,11414,41,-74,(718) 845-1066,,,,,$39.99 for flumist,$29.99 for Flu Shot,$33.99 for Intradermal,$74.99 for Pneumonia Shot,
5378,Rite Aid Pharmacy,Pharmacy,102-30,Atlantic Avenue,,Queens,NY,11416,41,-74,(718) 441-1120,,,,,$39.99 for flumist,$29.99 for Flu Shot,$33.99 for Intradermal,$74.99 for Pneumonia Shot,
5379,Rite Aid Pharmacy,Pharmacy,7118,3rd Avenue,,Brooklyn,NY,11209,41,-74,(718) 745-2830,,,,,$39.99 for flumist,$29.99 for Flu Shot,$33.99 for Intradermal,$74.99 for Pneumonia Shot,
5380,Rite Aid Pharmacy,Pharmacy,541,West 235th Street,,Bronx,NY,10463,41,-74,(718) 548-8600,,,,,$39.99 for flumist,$29.99 for Flu Shot,$33.99 for Intradermal,$74.99 for Pneumonia Shot,
5381,Rite Aid Pharmacy,Pharmacy,642,WESTCHESTER AVENUE,,Bronx,NY,10455,41,-74,(718) 402-5851,,,,,$39.99 for flumist,$29.99 for Flu Shot,$33.99 for Intradermal,$74.99 for Pneumonia Shot,
5382,Rite Aid Pharmacy,Pharmacy,1710,Crosby Avenue,,Bronx,NY,10461,41,-74,(718) 918-2459,,,,,$39.99 for flumist,$29.99 for Flu Shot,$33.99 for Intradermal,$74.99 for Pneumonia Shot,
5391,Athenas Pharmacy,Pharmacy,32-24,Steinway Street,,Queens,NY,11103,41,-74,(718) 204-7867,,,,,$30.00 for Flu Shot,$85.00 for Pneumonia Shot,,,
5508,Rite Aid Pharmacy,Pharmacy,95-14,63rd Drive,,Queens,NY,11374,41,-74,(718) 896-5084,,,,,$39.99 for flumist,$29.99 for Flu Shot,$33.99 for Intradermal,$74.99 for Pneumonia Shot,
5398,Medex Pharmacy,Pharmacy,96-02,Jamaica Avenue,,Queens,NY,11421,41,-74,(718) 805-7000,,,,"<P>Vaccine given all day, everyday during regular business hours.</P> <P>Medicaid, Medicare, and most insurances accepted</P>",,,,,
5403,Costco Pharmacy #318,Pharmacy,976,3rd Avenue,,Brooklyn,NY,11232,41,-74,(718) 965-7616,,,,,,,,,
5404,Costco Pharmacy #1062,Pharmacy,517,East 117th Street,,Manhattan,NY,10035,41,-74,(212) 896-5882,,,,,,,,,
5405,Costco Pharmacy #243,Pharmacy,32-50,Vernon Blvd,,Queens,NY,11106,41,-74,(718) 267-5516,,,,,,,,,
5406,Costco Pharmacy #316,Pharmacy,2795,Richmond Avenue,,Staten Island,NY,10314,41,-74,(718) 982-5147,,,,,,,,,
5407,Costco Pharmacy #1070,Pharmacy,61-35,Junction Blvd,,Queens,NY,11374,41,-74,(718) 760-6479,,,,,,,,,
5408,Gristedes Pharmacy #545,Pharmacy,227             ,9th Avenue,,Manhattan,NY,10011,41,-74,(212) 807-0650,,,,,,,,,
5414,New York City Pharmacy,Pharmacy,206,1st Avenue,,Manhattan,NY,10009,41,-74,(212) 253-8686,,,,,,,,,
5419,Benjamin's Pharmacy & Surgical,Pharmacy,989,Allerton Avenue,,Bronx,NY,10469,41,-74,(718) 405-9111,,,,,,,,,
5420,"Arrow Pharmacy, Inc.",Pharmacy,883             ,Ninth Avenue,,Manhattan,NY,10019,41,-74,(212) 245-8469,,,,,,,,,
5422,Kings Pharmacy-Park Slope,Pharmacy,357,Flatbush Avenue,,Brooklyn,NY,11238,41,-74,(718) 230-3535,(718) 230-3535,,,,,,,,
5423,Variety Drugs,Pharmacy,169-33,137th Avenue,,Queens,NY,11434,41,-74,(718) 723-2100,,,,,$24.95 for Flu Shot,$79.00 for Pneumonia Shot,,,
5424,UN Plaza Pharmacy,Pharmacy,800,2ND AVENUE,,Manhattan,NY,10017,41,-74,(646) 918-7363,,,,,,,,,
5428,Manson Pharmacy,Pharmacy,137-69,QUEENS BOULEVARD,,Queens,NY,11435,41,-74,(718) 297-4424,,,,,,,,,
5467,Rite Aid Pharmacy,Pharmacy,1040,St Johns Pl,,Brooklyn,NY,11213,41,-74,(718) 953-7150,,,,,$39.99 for flumist,$29.99 for Flu Shot,$33.99 for Intradermal,$74.99 for Pneumonia Shot,
5468,Gristedes Phamacy #517,Pharmacy,686,Main St,,Manhattan,NY,10044,41,-74,(212) 644-4125,,,,,,,,,
5495,Rite Aid Pharmacy,Pharmacy,33-01,30TH Avenue,,Queens,NY,11103,41,-74,(718) 721-3475,,,,,$39.99 for flumist,$29.99 for Flu Shot,$33.99 for Intradermal,$74.99 for Pneumonia Shot,
5496,Rite Aid Pharmacy,Pharmacy,32-87,Steinway Street,,Queens,NY,11103,41,-74,(718) 278-2100,,,,,$39.99 for flumist,$29.99 for Flu Shot,$33.99 for Intradermal,$74.99 for Pneumonia Shot,
5497,Rite Aid Pharmacy,Pharmacy,85-10,Northern Boulevard,,Queens,NY,11372,41,-74,(718) 476-3087,,,,,$39.99 for flumist,$29.99 for Flu Shot,$33.99 for Intradermal,$74.99 for Pneumonia Shot,
5498,Rite Aid Pharmacy,Pharmacy,37-00,Junction Boulevard,,Queens,NY,11368,41,-74,(718) 639-2647,,,,,$39.99 for flumist,$29.99 for Flu Shot,$33.99 for Intradermal,$74.99 for Pneumonia Shot,
5499,Rite Aid Pharmacy,Pharmacy,45-02,43rd Avenue,,Queens,NY,11104,41,-74,(718) 433-0941,,,,,$39.99 for flumist,$29.99 for Flu Shot,$33.99 for Intradermal,$74.99 for Pneumonia Shot,
5500,Rite Aid Pharmacy,Pharmacy,82-13,37th Avenue,,Queens,NY,11372,41,-74,(718) 565-1473,,,,,$39.99 for flumist,$29.99 for Flu Shot,$33.99 for Intradermal,$74.99 for Pneumonia Shot,
5501,Rite Aid Pharmacy,Pharmacy,40-16,National Street,,Queens,NY,11368,41,-74,(718) 507-0442,,,,,$39.99 for flumist,$29.99 for Flu Shot,$33.99 for Intradermal,$74.99 for Pneumonia Shot,
5502,Rite Aid Pharmacy,Pharmacy,57-16,99TH Street,,Queens,NY,11368,41,-74,(718) 592-0738,,,,,$39.99 for flumist,$29.99 for Flu Shot,$33.99 for Intradermal,$74.99 for Pneumonia Shot,
5503,Rite Aid Pharmacy,Pharmacy,46-12,Greenpoint Avenue,,Queens,NY,11104,41,-74,(718) 392-8474,,,,,$39.99 for flumist,$29.99 for Flu Shot,$33.99 for Intradermal,$74.99 for Pneumonia Shot,
5504,Rite Aid Pharmacy,Pharmacy,63-37,108TH Street,,Queens,NY,11375,41,-74,(718) 459-7777,,,,,$39.99 for flumist,$29.99 for Flu Shot,$33.99 for Intradermal,$74.99 for Pneumonia Shot,
5505,Rite Aid Pharmacy,Pharmacy,158-02,Union Turnpike,,Queens,NY,11366,41,-74,(718) 380-8259,,,,,$39.99 for flumist,$29.99 for Flu Shot,$33.99 for Intradermal,$74.99 for Pneumonia Shot,
5506,Rite Aid Pharmacy,Pharmacy,66-54,Fresh Pond Road,,Queens,NY,11385,41,-74,(718) 821-2222,,,,,$39.99 for flumist,$29.99 for Flu Shot,$33.99 for Intradermal,$74.99 for Pneumonia Shot,
5507,Rite Aid Pharmacy,Pharmacy,71-14,Austin Street,,Queens,NY,11375,41,-74,(718) 575-1012,,,,,$39.99 for flumist,$29.99 for Flu Shot,$33.99 for Intradermal,$74.99 for Pneumonia Shot,
5531,DUANE READE PHARMACY,Pharmacy,16,Court Street,,Brooklyn,NY,11241,41,-74,(718) 855-3980,,,,,$31.99 for Flu Shot,$79.99 for Pneumonia Shot,,,
5533,DUANE READE PHARMACY,Pharmacy,3155,AMBOY ROAD,,Staten Island,NY,10306,41,-74,(718) 351-7746,,,,,$31.99 for Flu Shot,$79.99 for Pneumonia Shot,,,
5536,DUANE READE PHARMACY,Pharmacy,630,FOREST AVENUE,,Staten Island,NY,10310,41,-74,(718) 727-0500,,,,,$31.99 for Flu Shot,$79.99 for Pneumonia Shot,,,
5537,DUANE READE PHARMACY,Pharmacy,4363,AMBOY ROAD,,Staten Island,NY,10312,41,-74,(718) 967-3900,,,,,$31.99 for Flu Shot,$79.99 for Pneumonia Shot,,,
5538,DUANE READE PHARMACY,Pharmacy,893,MANHATTAN AVENUE,,Brooklyn,NY,11222,41,-74,(718) 389-6440,,,,,$31.99 for Flu Shot,$79.99 for Pneumonia Shot,,,
5543,DUANE READE PHARMACY,Pharmacy,1010,ROSSVILLE AVENUE,,Staten Island,NY,10309,41,-74,(718) 356-9292,,,,,$31.99 for Flu Shot,$79.99 for Pneumonia Shot,,,
5545,DUANE READE PHARMACY,Pharmacy,107-16,CONTINENTAL AVENUE,,Queens,NY,11375,41,-74,(718) 793-2905,,,,,$31.99 for Flu Shot,$79.99 for Pneumonia Shot,,,
5547,DUANE READE PHARMACY,Pharmacy,116-02,BEACH CHANNEL DRIVE,,Queens,NY,11694,41,-74,(718) 945-7781,,,,,$31.99 for Flu Shot,$79.99 for Pneumonia Shot,,,
5548,DUANE READE PHARMACY,Pharmacy,3090,OCEAN AVENUE,,Brooklyn,NY,11235,41,-74,(718) 368-4291,,,,,$31.99 for Flu Shot,$79.99 for Pneumonia Shot,,,
5550,DUANE READE PHARMACY,Pharmacy,24-28,BELL BOULEVARD,,Queens,NY,11360,41,-74,(718) 747-0291,,,,,$31.99 for Flu Shot,$79.99 for Pneumonia Shot,,,
5551,DUANE READE PHARMACY,Pharmacy,436,86TH STREET,,Brooklyn,NY,11209,41,-74,(718) 833-7758,,,,,$31.99 for Flu Shot,$79.99 for Pneumonia Shot,,,
5554,DUANE READE PHARMACY,Pharmacy,2131-2135,Hylan Blvd,,Staten Island,NY,10306,41,-74,(718) 351-6952,,,,,$31.99 for Flu Shot,$79.99 for Pneumonia Shot,,,
5555,DUANE READE PHARMACY,Pharmacy,44,COURT STREET,,Brooklyn,NY,11201,41,-74,(718) 852-1082,,,,,$31.99 for Flu Shot,$79.99 for Pneumonia Shot,,,
5556,DUANE READE PHARMACY,Pharmacy,81-01,BROADWAY,,Queens,NY,11373,41,-74,(718) 507-0572,,,,,$31.99 for Flu Shot,$79.99 for Pneumonia Shot,,,
5557,DUANE READE PHARMACY,Pharmacy,2939-2957,Third Ave,,Bronx,NY,10455,41,-74,(718) 993-3036,,,,,$31.99 for Flu Shot,$79.99 for Pneumonia Shot,,,
5560,DUANE READE PHARMACY,Pharmacy,1417,AVENUE U,,Brooklyn,NY,11229,41,-74,(718) 787-1665,,,,,$31.99 for Flu Shot,$79.99 for Pneumonia Shot,,,
5561,DUANE READE PHARMACY,Pharmacy,60-02,ROOSEVELT AVENUE,,Queens,NY,11377,41,-74,(718) 476-8379,,,,,$31.99 for Flu Shot,$79.99 for Pneumonia Shot,,,
5562,DUANE READE PHARMACY,Pharmacy,93-01,Sutphin Blvd,,Queens,NY,11435,41,-74,(718) 558-0028,,,,,$31.99 for Flu Shot,$79.99 for Pneumonia Shot,,,
5567,DUANE READE PHARMACY,Pharmacy,28-58,Steinway Street,,Queens,NY,11103,41,-74,(718) 278-1402,,,,,$31.99 for Flu Shot,$79.99 for Pneumonia Shot,,,
5569,DUANE READE PHARMACY,Pharmacy,41,EAST 58TH STREET,,Manhattan,NY,10022,41,-74,(212) 421-4880,,,,,$31.99 for Flu Shot,$79.99 for Pneumonia Shot,,,
5570,DUANE READE PHARMACY,Pharmacy,305,BROADWAY,,Manhattan,NY,10007,41,-74,(212) 227-6168,,,,,$31.99 for Flu Shot,$79.99 for Pneumonia Shot,,,
5571,DUANE READE PHARMACY,Pharmacy,115-02,LIBERTY AVE,,Queens,NY,11419,41,-74,(718) 835-9500,,,,,$31.99 for Flu Shot,$79.99 for Pneumonia Shot,,,
5572,DUANE READE PHARMACY,Pharmacy,2107,RICHMOND ROAD,,Staten Island,NY,10306,41,-74,(718) 980-3486,,,,,$31.99 for Flu Shot,$79.99 for Pneumonia Shot,,,
5573,DUANE READE PHARMACY,Pharmacy,358,FIFTH AVENUE,,Manhattan,NY,10001,41,-74,(212) 279-0208,,,,,$31.99 for Flu Shot,$79.99 for Pneumonia Shot,,,
5574,DUANE READE PHARMACY,Pharmacy,320,WEST 145TH STREET,,Manhattan,NY,10039,41,-74,(212) 939-0941,,,,,$31.99 for Flu Shot,$79.99 for Pneumonia Shot,,,
5575,DUANE READE PHARMACY,Pharmacy,333,EAST 102ND STREET,,Manhattan,NY,10029,41,-74,(212) 423-2042,,,,,$31.99 for Flu Shot,$79.99 for Pneumonia Shot,,,
5576,DUANE READE PHARMACY,Pharmacy,125,EAST 86TH STREET,,Manhattan,NY,10028,41,-74,(212) 996-5261,,,,,$31.99 for Flu Shot,$79.99 for Pneumonia Shot,,,
5577,DUANE READE PHARMACY,Pharmacy,750,NEW YORK AVENUE,,Brooklyn,NY,11203,41,-74,(718) 941-8694,,,,,$31.99 for Flu Shot,$79.99 for Pneumonia Shot,,,
5578,DUANE READE PHARMACY,Pharmacy,1749,FIRST AVENUE,,Manhattan,NY,10128,41,-74,(646) 672-1760,,,,,$31.99 for Flu Shot,$79.99 for Pneumonia Shot,,,
5579,DUANE READE PHARMACY,Pharmacy,55,EAST 55TH STREET,,Manhattan,NY,10022,41,-74,(212) 750-9095,,,,,$31.99 for Flu Shot,$79.99 for Pneumonia Shot,,,
5580,DUANE READE PHARMACY,Pharmacy,194,EAST SECOND STREET,,Manhattan,NY,10009,41,-74,(212) 375-9000,,,,,$31.99 for Flu Shot,$79.99 for Pneumonia Shot,,,
5581,DUANE READE PHARMACY,Pharmacy,325,NORTH END AVENUE,,Manhattan,NY,10282,41,-74,(212) 945-4450,,,,,$31.99 for Flu Shot,$79.99 for Pneumonia Shot,,,
5582,DUANE READE PHARMACY,Pharmacy,103-09,LIBERTY AVENUE,,Queens,NY,11417,41,-74,(718) 659-9621,,,,,$31.99 for Flu Shot,$79.99 for Pneumonia Shot,,,
5583,DUANE READE PHARMACY,Pharmacy,2409,BROADWAY,,Manhattan,NY,10024,41,-74,(212) 874-0238,,,,,$31.99 for Flu Shot,$79.99 for Pneumonia Shot,,,
5584,DUANE READE PHARMACY,Pharmacy,931,FIRST AVENUE,,Manhattan,NY,10022,41,-74,(212) 421-1046,,,,,$31.99 for Flu Shot,$79.99 for Pneumonia Shot,,,
5585,DUANE READE PHARMACY,Pharmacy,2307,BROADWAY,,Manhattan,NY,10024,41,-74,(212) 501-8355,,,,,$31.99 for Flu Shot,$79.99 for Pneumonia Shot,,,
5586,DUANE READE PHARMACY,Pharmacy,1490,MADISON AVENUE,,Manhattan,NY,10029,41,-74,(212) 410-2508,,,,,$31.99 for Flu Shot,$79.99 for Pneumonia Shot,,,
5587,DUANE READE PHARMACY,Pharmacy,1479,THIRD AVENUE,,Manhattan,NY,10028,41,-74,(212) 988-2115,,,,,$31.99 for Flu Shot,$79.99 for Pneumonia Shot,,,
5588,DUANE READE PHARMACY,Pharmacy,247,Herkimer St,,Brooklyn,NY,11216,41,-74,(718) 623-0332,,,,,$31.99 for Flu Shot,$79.99 for Pneumonia Shot,,,
5589,DUANE READE PHARMACY,Pharmacy,1327,YORK AVENUE,,Manhattan,NY,10021,41,-74,(212) 737-6240,,,,,$31.99 for Flu Shot,$79.99 for Pneumonia Shot,,,
5590,DUANE READE PHARMACY,Pharmacy,4721,16TH AVENUE,,Brooklyn,NY,11204,41,-74,(718) 438-1800,,,,,$31.99 for Flu Shot,$79.99 for Pneumonia Shot,,,
5591,DUANE READE PHARMACY,Pharmacy,300,WEST 135TH STREET,,Manhattan,NY,10030,41,-74,(212) 491-6015,,,,,$31.99 for Flu Shot,$79.99 for Pneumonia Shot,,,
5592,DUANE READE PHARMACY,Pharmacy,71,WEST 23RD STREET,,Manhattan,NY,10010,41,-74,(212) 463-8873,,,,,$31.99 for Flu Shot,$79.99 for Pneumonia Shot,,,
5593,DUANE READE PHARMACY,Pharmacy,1889,BROADWAY,,Manhattan,NY,10023,41,-74,(212) 586-6749,,,,,$31.99 for Flu Shot,$79.99 for Pneumonia Shot,,,
5594,DUANE READE PHARMACY,Pharmacy,196,THIRD AVENUE,,Manhattan,NY,10003,41,-74,(212) 598-0339,,,,,$31.99 for Flu Shot,$79.99 for Pneumonia Shot,,,
5595,DUANE READE PHARMACY,Pharmacy,47-02,Fifth Street,,Queens,NY,11101,41,-74,(718) 472-3600,,,,,$31.99 for Flu Shot,$79.99 for Pneumonia Shot,,,
5596,DUANE READE PHARMACY,Pharmacy,161,EAST 23RD STREET,,Manhattan,NY,10010,41,-74,(212) 477-1372,,,,,$31.99 for Flu Shot,$79.99 for Pneumonia Shot,,,
5597,DUANE READE PHARMACY,Pharmacy,1637,YORK AVENUE,,Manhattan,NY,10028,41,-74,(212) 534-2000,,,,,$31.99 for Flu Shot,$79.99 for Pneumonia Shot,,,
5598,DUANE READE PHARMACY,Pharmacy,585,HUDSON ST,,Manhattan,NY,10014,41,-74,(646) 336-8491,,,,,$31.99 for Flu Shot,$79.99 for Pneumonia Shot,,,
5599,DUANE READE PHARMACY,Pharmacy,619,NINTH AVENUE,,Manhattan,NY,10036,41,-74,(212) 581-0602,,,,,$31.99 for Flu Shot,$79.99 for Pneumonia Shot,,,
5600,DUANE READE PHARMACY,Pharmacy,352,GREENWICH STREET,,Manhattan,NY,10013,41,-74,(212) 406-3700,,,,,$31.99 for Flu Shot,$79.99 for Pneumonia Shot,,,
5601,DUANE READE PHARMACY,Pharmacy,325,COLUMBUS AVENUE,,Manhattan,NY,10023,41,-74,(212) 580-2017,,,,,$31.99 for Flu Shot,$79.99 for Pneumonia Shot,,,
5602,DUANE READE PHARMACY,Pharmacy,1235,LEXINGTON AVENUE,,Manhattan,NY,10028,41,-74,(212) 570-2710,,,,,$31.99 for Flu Shot,$79.99 for Pneumonia Shot,,,
5603,DUANE READE PHARMACY,Pharmacy,163-30,CROSS BAY BOULEVARD,,Queens,NY,11414,41,-74,(718) 659-7880,,,,,$31.99 for Flu Shot,$79.99 for Pneumonia Shot,,,
5604,DUANE READE PHARMACY,Pharmacy,568,WEST 125TH STREET,,Manhattan,NY,10027,41,-74,(212) 865-3894,,,,,$31.99 for Flu Shot,$79.99 for Pneumonia Shot,,,
5605,DUANE READE PHARMACY,Pharmacy,617,WEST 181ST STREET,,Manhattan,NY,10033,41,-74,(212) 923-6912,,,,,$31.99 for Flu Shot,$79.99 for Pneumonia Shot,,,
5606,DUANE READE PHARMACY,Pharmacy,40-02,BROADWAY,,Queens,NY,11103,41,-74,(718) 932-6950,,,,,$31.99 for Flu Shot,$79.99 for Pneumonia Shot,,,
5607,DUANE READE PHARMACY,Pharmacy,1231,MADISON AVENUE,,Manhattan,NY,10128,41,-74,(212) 360-6586,,,,,$31.99 for Flu Shot,$79.99 for Pneumonia Shot,,,
5608,DUANE READE PHARMACY,Pharmacy,200,WATER STREET,,Manhattan,NY,10038,41,-74,(212) 825-0761,,,,,$31.99 for Flu Shot,$79.99 for Pneumonia Shot,,,
5609,DUANE READE PHARMACY,Pharmacy,2683,BROADWAY,,Manhattan,NY,10025,41,-74,(212) 865-5360,,,,,$31.99 for Flu Shot,$79.99 for Pneumonia Shot,,,
5610,DUANE READE PHARMACY,Pharmacy,2265,RALPH AVENUE,,Brooklyn,NY,11234,41,-74,(718) 241-3700,,,,,$31.99 for Flu Shot,$79.99 for Pneumonia Shot,,,
5611,DUANE READE PHARMACY,Pharmacy,73-01,37TH AVENUE,,Queens,NY,11372,41,-74,(718) 672-8038,,,,,$31.99 for Flu Shot,$79.99 for Pneumonia Shot,,,
5612,DUANE READE PHARMACY,Pharmacy,156-44,NORTHERN BLVD,,Queens,NY,11354,41,-74,(718) 886-7744,,,,,$31.99 for Flu Shot,$79.99 for Pneumonia Shot,,,
5613,DUANE READE PHARMACY,Pharmacy,2456,RICHMOND AVENUE,,Staten Island,NY,10314,41,-74,(718) 697-0422,,,,,$31.99 for Flu Shot,$79.99 for Pneumonia Shot,,,
5614,DUANE READE PHARMACY,Pharmacy,42-28,MAIN STREET,,Queens,NY,11355,41,-74,(718) 886-7789,,,,,$31.99 for Flu Shot,$79.99 for Pneumonia Shot,,,
5615,DUANE READE PHARMACY,Pharmacy,66-56,GRAND AVENUE,,Queens,NY,11378,41,-74,(718) 672-9465,,,,,$31.99 for Flu Shot,$79.99 for Pneumonia Shot,,,
5616,DUANE READE PHARMACY,Pharmacy,976,AMSTERDAM AVENUE,,Manhattan,NY,10025,41,-74,(212) 866-4232,,,,,$31.99 for Flu Shot,$79.99 for Pneumonia Shot,,,
5617,DUANE READE PHARMACY,Pharmacy,852,SECOND AVENUE,,Manhattan,NY,10017,41,-74,(212) 983-1810,,,,,$31.99 for Flu Shot,$79.99 for Pneumonia Shot,,,
5618,DUANE READE PHARMACY,Pharmacy,721,NINTH AVENUE,,Manhattan,NY,10019,41,-74,(212) 246-0168,,,,,$31.99 for Flu Shot,$79.99 for Pneumonia Shot,,,
5619,DUANE READE PHARMACY,Pharmacy,135,EAST 125TH STREET,,Manhattan,NY,10035,41,-74,(917) 492-3550,,,,,$31.99 for Flu Shot,$79.99 for Pneumonia Shot,,,
5620,DUANE READE PHARMACY,Pharmacy,230-0-230-2,Merrick Blvd,,Queens,NY,11413,41,-74,(718) 528-8585,,,,,$31.99 for Flu Shot,$79.99 for Pneumonia Shot,,,
5621,DUANE READE PHARMACY,Pharmacy,1833,NOSTRAND AVENUE,,Brooklyn,NY,11226,41,-74,(718) 693-3059,,,,,$31.99 for Flu Shot,$79.99 for Pneumonia Shot,,,
5622,DUANE READE PHARMACY,Pharmacy,160-2-160-18,Jamaica Ave,,Queens,NY,11432,41,-74,(718) 558-3987,,,,,$31.99 for Flu Shot,$79.99 for Pneumonia Shot,,,
5623,DUANE READE PHARMACY,Pharmacy,77,SEVENTH AVENUE,,Manhattan,NY,10011,41,-74,(212) 243-2446,,,,,$31.99 for Flu Shot,$79.99 for Pneumonia Shot,,,
5624,DUANE READE PHARMACY,Pharmacy,630,THIRD AVENUE,,Manhattan,NY,10017,41,-74,(212) 682-3191,,,,,$31.99 for Flu Shot,$79.99 for Pneumonia Shot,,,
5625,DUANE READE PHARMACY,Pharmacy,2141,NOSTRAND AVENUE,,Brooklyn,NY,11210,41,-74,(718) 434-1211,,,,,$31.99 for Flu Shot,$79.99 for Pneumonia Shot,,,
5626,DUANE READE PHARMACY,Pharmacy,188-190,Dyckman St,,Manhattan,NY,10040,41,-74,(212) 567-1282,,,,,$31.99 for Flu Shot,$79.99 for Pneumonia Shot,,,
5627,DUANE READE PHARMACY,Pharmacy,84-32,JAMAICA AVENUE,,Queens,NY,11421,41,-74,(718) 277-5814,,,,,$31.99 for Flu Shot,$79.99 for Pneumonia Shot,,,
5628,DUANE READE PHARMACY,Pharmacy,1,REMSEN AVENUE,,Brooklyn,NY,11212,41,-74,(718) 953-5084,,,,,$31.99 for Flu Shot,$79.99 for Pneumonia Shot,,,
5629,DUANE READE PHARMACY,Pharmacy,4,COLUMBUS CIRCLE,,Manhattan,NY,10019,41,-74,(212) 265-2302,,,,,$31.99 for Flu Shot,$79.99 for Pneumonia Shot,,,
5630,DUANE READE PHARMACY,Pharmacy,54-13,MYRTLE AVENUE,,Queens,NY,11385,41,-74,(718) 386-6692,,,,,$31.99 for Flu Shot,$79.99 for Pneumonia Shot,,,
5631,DUANE READE PHARMACY,Pharmacy,1517,CORTELYOU ROAD,,Brooklyn,NY,11226,41,-74,(718) 287-9078,,,,,$31.99 for Flu Shot,$79.99 for Pneumonia Shot,,,
5632,DUANE READE PHARMACY,Pharmacy,1915,THIRD AVENUE,,Manhattan,NY,10029,41,-74,(917) 492-1038,,,,,$31.99 for Flu Shot,$79.99 for Pneumonia Shot,,,
5633,DUANE READE PHARMACY,Pharmacy,300,EAST 39TH STREET,,Manhattan,NY,10016,41,-74,(212) 599-7492,,,,,$31.99 for Flu Shot,$79.99 for Pneumonia Shot,,,
5634,DUANE READE PHARMACY,Pharmacy,1370,SIXTH AVENUE,,Manhattan,NY,10019,41,-74,(212) 586-2740,,,,,$31.99 for Flu Shot,$79.99 for Pneumonia Shot,,,
5635,DUANE READE PHARMACY,Pharmacy,1191,SECOND AVENUE,,Manhattan,NY,10065,41,-74,(212) 355-5944,,,,,$31.99 for Flu Shot,$79.99 for Pneumonia Shot,,,
5636,DUANE READE PHARMACY,Pharmacy,1524,SECOND AVENUE,,Manhattan,NY,10075,41,-74,(646) 422-1023,,,,,$31.99 for Flu Shot,$79.99 for Pneumonia Shot,,,
5637,DUANE READE PHARMACY,Pharmacy,1187,FIRST AVENUE,,Manhattan,NY,10065,41,-74,(917) 432-0634,,,,,$31.99 for Flu Shot,$79.99 for Pneumonia Shot,,,
5638,DUANE READE PHARMACY,Pharmacy,249-46,Horace Harding Expy,,Queens,NY,11362,41,-74,(718) 747-0180,,,,,$31.99 for Flu Shot,$79.99 for Pneumonia Shot,,,
5639,DUANE READE PHARMACY,Pharmacy,50,Bowery,,Manhattan,NY,10013,41,-74,(212) 608-0301,,,,,$31.99 for Flu Shot,$79.99 for Pneumonia Shot,,,
5640,DUANE READE PHARMACY,Pharmacy,1,E. Kingsbridge Road,,Bronx,NY,10468,41,-74,(718) 364-5219,,,,,$31.99 for Flu Shot,$79.99 for Pneumonia Shot,,,
5641,DUANE READE PHARMACY,Pharmacy,1091,LEXINGTON AVENUE,,Manhattan,NY,10075,41,-74,(212) 794-7100,,,,,$31.99 for Flu Shot,$79.99 for Pneumonia Shot,,,
5642,DUANE READE PHARMACY,Pharmacy,900,EIGHTH AVENUE,,Manhattan,NY,10019,41,-74,(212) 582-3463,,,,,$31.99 for Flu Shot,$79.99 for Pneumonia Shot,,,
5643,DUANE READE PHARMACY,Pharmacy,48-01,QUEENS BOULEVARD,,Queens,NY,11104,41,-74,(718) 476-8655,,,,,$31.99 for Flu Shot,$79.99 for Pneumonia Shot,,,
5644,DUANE READE PHARMACY,Pharmacy,51,WEST 51ST STREET,,Manhattan,NY,10019,41,-74,(212) 582-8525,,,,,$31.99 for Flu Shot,$79.99 for Pneumonia Shot,,,
5645,DUANE READE PHARMACY,Pharmacy,378,SIXTH AVENUE,,Manhattan,NY,10011,41,-74,(212) 674-5357,,,,,$31.99 for Flu Shot,$79.99 for Pneumonia Shot,,,
5646,DUANE READE PHARMACY,Pharmacy,322,EIGHTH AVENUE,,Manhattan,NY,10001,41,-74,(212) 255-5025,,,,,$31.99 for Flu Shot,$79.99 for Pneumonia Shot,,,
5647,DUANE READE PHARMACY,Pharmacy,1498,YORK AVENUE,,Manhattan,NY,10075,41,-74,(212) 879-8990,,,,,$31.99 for Flu Shot,$79.99 for Pneumonia Shot,,,
5648,DUANE READE PHARMACY,Pharmacy,777,SIXTH AVENUE,,Manhattan,NY,10001,41,-74,(646) 336-8414,,,,,$31.99 for Flu Shot,$79.99 for Pneumonia Shot,,,
5649,DUANE READE PHARMACY,Pharmacy,4,WEST FOURTH STREET,,Manhattan,NY,10012,41,-74,(212) 473-1027,,,,,$31.99 for Flu Shot,$79.99 for Pneumonia Shot,,,
5650,DUANE READE PHARMACY,Pharmacy,111,WORTH STREET,,Manhattan,NY,10013,41,-74,(212) 571-4621,,,,,$31.99 for Flu Shot,$79.99 for Pneumonia Shot,,,
5651,DUANE READE PHARMACY,Pharmacy,46,THIRD AVENUE,,Manhattan,NY,10003,41,-74,(212) 475-3563,,,,,$31.99 for Flu Shot,$79.99 for Pneumonia Shot,,,
5652,DUANE READE PHARMACY,Pharmacy,771,EIGHTH AVENUE,,Manhattan,NY,10036,41,-74,(212) 974-6013,,,,,$31.99 for Flu Shot,$79.99 for Pneumonia Shot,,,
5653,DUANE READE PHARMACY,Pharmacy,319,E 14th St,,Manhattan,NY,10003,41,-74,(212) 529-0091,,,,,$31.99 for Flu Shot,$79.99 for Pneumonia Shot,,,
5654,DUANE READE PHARMACY,Pharmacy,1356,LEXINGTON AVENUE,,Manhattan,NY,10128,41,-74,(212) 722-0014,,,,,$31.99 for Flu Shot,$79.99 for Pneumonia Shot,,,
5655,DUANE READE PHARMACY,Pharmacy,17,JOHN STREET,,Manhattan,NY,10038,41,-74,(212) 619-7181,,,,,$31.99 for Flu Shot,$79.99 for Pneumonia Shot,,,
5656,DUANE READE PHARMACY,Pharmacy,459,BROADWAY,,Manhattan,NY,10013,41,-74,(212) 219-2658,,,,,$31.99 for Flu Shot,$79.99 for Pneumonia Shot,,,
5657,DUANE READE PHARMACY,Pharmacy,756,MYRTLE AVENUE,,Brooklyn,NY,11206,41,-74,(718) 237-4526,,,,,$31.99 for Flu Shot,$79.99 for Pneumonia Shot,,,
5658,DUANE READE PHARMACY,Pharmacy,1350,BROADWAY,,Manhattan,NY,10018,41,-74,(212) 695-6346,,,,,$31.99 for Flu Shot,$79.99 for Pneumonia Shot,,,
5659,DUANE READE PHARMACY,Pharmacy,164,KENT AVENUE,,Brooklyn,NY,11249,41,-74,(718) 302-1549,,,,,$31.99 for Flu Shot,$79.99 for Pneumonia Shot,,,
5660,DUANE READE PHARMACY,Pharmacy,5008,FIFTH AVENUE,,Brooklyn,NY,11220,41,-74,(718) 439-0614,,,,,$31.99 for Flu Shot,$79.99 for Pneumonia Shot,,,
5661,DUANE READE PHARMACY,Pharmacy,41-63,Kissena Blvd,,Queens,NY,11355,41,-74,(718) 961-9393,,,,,$31.99 for Flu Shot,$79.99 for Pneumonia Shot,,,
5662,DUANE READE PHARMACY,Pharmacy,58,EAST FORDHAM ROAD,,Bronx,NY,10468,41,-74,(718) 365-9354,,,,,$31.99 for Flu Shot,$79.99 for Pneumonia Shot,,,
5663,DUANE READE PHARMACY,Pharmacy,22,WEST 48TH STREET,,Manhattan,NY,10036,41,-74,(212) 730-4914,,,,,$31.99 for Flu Shot,$79.99 for Pneumonia Shot,,,
5664,Rite Aid Pharmacy,Pharmacy,21-25,Broadway,,Queens,NY,11106,41,-74,(718) 932-9200,,,,,$39.99 for flumist,$29.99 for Flu Shot,$33.99 for Intradermal,$74.99 for Pneumonia Shot,
5665,DUANE READE PHARMACY,Pharmacy,1646,2nd Avenue,,Manhattan,NY,10028,41,-74,(212) 535-0142,,,,,$31.99 for Flu Shot,$79.99 for Pneumonia Shot,,,
5666,DUANE READE PHARMACY,Pharmacy,33,SEVENTH AVENUE,,Manhattan,NY,10030,41,-74,(212) 741-3365,,,,,$31.99 for Flu Shot,$79.99 for Pneumonia Shot,,,
5667,DUANE READE PHARMACY,Pharmacy,122,EAST 42ND STREET,,Manhattan,NY,10017,41,-74,(212) 808-4743,,,,,$31.99 for Flu Shot,$79.99 for Pneumonia Shot,,,
5668,DUANE READE PHARMACY,Pharmacy,2522,BROADWAY,,Manhattan,NY,10025,41,-74,(212) 663-1580,,,,,$31.99 for Flu Shot,$79.99 for Pneumonia Shot,,,
5669,DUANE READE PHARMACY,Pharmacy,866,THIRD AVENUE,,Manhattan,NY,10022,41,-74,(212) 759-9412,,,,,$31.99 for Flu Shot,$79.99 for Pneumonia Shot,,,
5670,DUANE READE PHARMACY,Pharmacy,198-15,HORACE HARDING EXPY,,Queens,NY,11365,41,-74,(718) 224-3830,,,,,$31.99 for Flu Shot,$79.99 for Pneumonia Shot,,,
5671,DUANE READE PHARMACY,Pharmacy,2931,AVENUE U,,Brooklyn,NY,11229,41,-74,(718) 648-8308,,,,,$31.99 for Flu Shot,$79.99 for Pneumonia Shot,,,
5672,DUANE READE PHARMACY,Pharmacy,250,WEST 57TH STREET,,Manhattan,NY,10019,41,-74,(212) 265-2101,,,,,$31.99 for Flu Shot,$79.99 for Pneumonia Shot,,,
5673,DUANE READE PHARMACY,Pharmacy,1150,AVENUE OF THE AMERICAS,,Manhattan,NY,10036,41,-74,(212) 221-3588,,,,,$31.99 for Flu Shot,$79.99 for Pneumonia Shot,,,
5674,DUANE READE PHARMACY,Pharmacy,1430,BROADWAY,,Manhattan,NY,10018,41,-74,(212) 768-0201,,,,,$31.99 for Flu Shot,$79.99 for Pneumonia Shot,,,
5675,DUANE READE PHARMACY,Pharmacy,95-11,63RD DRIVE,,Queens,NY,11374,41,-74,(718) 897-0803,,,,,$31.99 for Flu Shot,$79.99 for Pneumonia Shot,,,
5676,DUANE READE PHARMACY,Pharmacy,1279,THIRD AVENUE,,Manhattan,NY,10021,41,-74,(212) 744-2668,,,,,$31.99 for Flu Shot,$79.99 for Pneumonia Shot,,,
5677,DUANE READE PHARMACY,Pharmacy,485,LEXINGTON AVENUE,,Manhattan,NY,10017,41,-74,(212) 682-5338,,,,,$31.99 for Flu Shot,$79.99 for Pneumonia Shot,,,
5678,DUANE READE PHARMACY,Pharmacy,35-49,E 14th St,,Manhattan,NY,10003,41,-74,(212) 989-3632,,,,,$31.99 for Flu Shot,$79.99 for Pneumonia Shot,,,
5679,DUANE READE PHARMACY,Pharmacy,37,BROADWAY,,Manhattan,NY,10006,41,-74,(212) 425-8460,,,,,$31.99 for Flu Shot,$79.99 for Pneumonia Shot,,,
5680,DUANE READE PHARMACY,Pharmacy,250,BROADWAY,,Manhattan,NY,10007,41,-74,(212) 571-4511,,,,,$31.99 for Flu Shot,$79.99 for Pneumonia Shot,,,
5681,DUANE READE PHARMACY,Pharmacy,386,FULTON STREET,,Brooklyn,NY,11201,41,-74,(718) 330-0363,,,,,$31.99 for Flu Shot,$79.99 for Pneumonia Shot,,,
5682,DUANE READE PHARMACY,Pharmacy,559,FULTON STREET,,Brooklyn,NY,11201,41,-74,(718) 643-9505,,,,,$31.99 for Flu Shot,$79.99 for Pneumonia Shot,,,
5683,DUANE READE PHARMACY,Pharmacy,941,SOUTHERN BOULEVARD,,Bronx,NY,10459,41,-74,(718) 328-3220,,,,,$31.99 for Flu Shot,$79.99 for Pneumonia Shot,,,
5684,DUANE READE PHARMACY,Pharmacy,1181,LIBERTY AVENUE,,Brooklyn,NY,11208,41,-74,(718) 277-1580,,,,,$31.99 for Flu Shot,$79.99 for Pneumonia Shot,,,
5685,DUANE READE PHARMACY,Pharmacy,57-11,MYRTLE AVENUE,,Queens,NY,11385,41,-74,(718) 456-2602,,,,,$31.99 for Flu Shot,$79.99 for Pneumonia Shot,,,
5686,DUANE READE PHARMACY,Pharmacy,724,FLATBUSH AVENUE,,Brooklyn,NY,11226,41,-74,(718) 284-4221,,,,,$31.99 for Flu Shot,$79.99 for Pneumonia Shot,,,
5687,DUANE READE PHARMACY,Pharmacy,279,WEST 125TH STREET,,Manhattan,NY,10027,41,-74,(212) 663-4391,,,,,$31.99 for Flu Shot,$79.99 for Pneumonia Shot,,,
5688,DUANE READE PHARMACY,Pharmacy,95,WALL STREET,,Manhattan,NY,10005,41,-74,(212) 363-5830,,,,,$31.99 for Flu Shot,$79.99 for Pneumonia Shot,,,
5689,DUANE READE PHARMACY,Pharmacy,49,EAST 52ND STREET,,Manhattan,NY,10022,41,-74,(212) 888-2323,,,,,$31.99 for Flu Shot,$79.99 for Pneumonia Shot,,,
5690,DUANE READE PHARMACY,Pharmacy,4,PARK AVENUE,,Manhattan,NY,10016,41,-74,(212) 683-5532,,,,,$31.99 for Flu Shot,$79.99 for Pneumonia Shot,,,
5691,DUANE READE PHARMACY,Pharmacy,598,BROADWAY,,Manhattan,NY,10012,41,-74,(212) 343-2567,,,,,$31.99 for Flu Shot,$79.99 for Pneumonia Shot,,,
5692,DUANE READE PHARMACY,Pharmacy,666,3RD AVE,,Manhattan,NY,10017,41,-74,(212) 599-4351,,,,,$31.99 for Flu Shot,$79.99 for Pneumonia Shot,,,
5693,DUANE READE PHARMACY,Pharmacy,155,EAST 34TH STREET,,Manhattan,NY,10016,41,-74,(212) 683-3042,,,,,$31.99 for Flu Shot,$79.99 for Pneumonia Shot,,,
5694,DUANE READE PHARMACY,Pharmacy,1290,AMSTERDAM AVE,,Manhattan,NY,10027,41,-74,(212) 665-8966,,,,,$31.99 for Flu Shot,$79.99 for Pneumonia Shot,,,
5695,DUANE READE PHARMACY,Pharmacy,2108,THIRD AVENUE,,Manhattan,NY,10029,41,-74,(212) 987-1372,,,,,$31.99 for Flu Shot,$79.99 for Pneumonia Shot,,,
5696,DUANE READE PHARMACY,Pharmacy,4,AMSTERDAM AVENUE,,Manhattan,NY,10023,41,-74,(212) 581-5527,,,,,$31.99 for Flu Shot,$79.99 for Pneumonia Shot,,,
5697,DUANE READE PHARMACY,Pharmacy,100,DELANCEY STREET,,Manhattan,NY,10002,41,-74,(212) 253-0270,,,,,$31.99 for Flu Shot,$79.99 for Pneumonia Shot,,,
5698,DUANE READE PHARMACY,Pharmacy,2864,BROADWAY,,Manhattan,NY,10025,41,-74,(212) 316-5113,,,,,$31.99 for Flu Shot,$79.99 for Pneumonia Shot,,,
5699,DUANE READE PHARMACY,Pharmacy,1888,WESTCHESTER AVENUE,,Bronx,NY,10472,41,-74,(718) 409-5146,,,,,$31.99 for Flu Shot,$79.99 for Pneumonia Shot,,,
5700,DUANE READE PHARMACY,Pharmacy,1401,KINGS HIGHWAY,,Brooklyn,NY,11229,41,-74,(718) 627-9199,,,,,$31.99 for Flu Shot,$79.99 for Pneumonia Shot,,,
5701,DUANE READE PHARMACY,Pharmacy,1627,BROADWAY,,Manhattan,NY,10019,41,-74,(212) 586-0374,,,,,$31.99 for Flu Shot,$79.99 for Pneumonia Shot,,,
5702,DUANE READE PHARMACY,Pharmacy,4,TIMES SQUARE,,Manhattan,NY,10036,41,-74,(646) 366-8047,,,,,$31.99 for Flu Shot,$79.99 for Pneumonia Shot,,,
5703,DUANE READE PHARMACY,Pharmacy,257-09,Union Turnpike,,Queens,NY,11004,41,-74,(718) 962-2906,,,,,$31.99 for Flu Shot,$79.99 for Pneumonia Shot,,,
5704,DUANE READE PHARMACY,Pharmacy,1467,FIRST AVENUE,,Manhattan,NY,10075,41,-74,(212) 585-2108,,,,,$31.99 for Flu Shot,$79.99 for Pneumonia Shot,,,
5705,DUANE READE PHARMACY,Pharmacy,99,John Street,,Manhattan,NY,10038,41,-74,(212) 791-3801,,,,,$31.99 for Flu Shot,$79.99 for Pneumonia Shot,,,
5706,DUANE READE PHARMACY,Pharmacy,1,WHITEHALL STREET,,Manhattan,NY,10004,41,-74,(212) 509-9020,,,,,$31.99 for Flu Shot,$79.99 for Pneumonia Shot,,,
5707,DUANE READE PHARMACY,Pharmacy,333,SEVENTH AVENUE,,Manhattan,NY,10001,41,-74,(212) 239-0167,,,,,$31.99 for Flu Shot,$79.99 for Pneumonia Shot,,,
5708,DUANE READE PHARMACY,Pharmacy,52,EAST 14TH STREET,,Manhattan,NY,10003,41,-74,(212) 358-8206,,,,,$31.99 for Flu Shot,$79.99 for Pneumonia Shot,,,
5709,DUANE READE PHARMACY,Pharmacy,60,SPRING STREET,,Manhattan,NY,10012,41,-74,(212) 925-5307,,,,,$31.99 for Flu Shot,$79.99 for Pneumonia Shot,,,
5710,Rite Aid Pharmacy,Pharmacy,195,8TH Avenue,,Manhattan,NY,10011,41,-74,(212) 929-6915,,,,,$39.99 for flumist,$29.99 for Flu Shot,$33.99 for Intradermal,$74.99 for Pneumonia Shot,
5711,Rite Aid Pharmacy,Pharmacy,4,World Financial Center,,Manhattan,NY,10281,41,-74,(212) 608-8416,,,,,$39.99 for flumist,$29.99 for Flu Shot,$33.99 for Intradermal,$74.99 for Pneumonia Shot,
5712,Rite Aid Pharmacy,Pharmacy,31-14,30th Avenue,,Queens,NY,11102,41,-74,(718) 278-1901,,,,,$39.99 for flumist,$29.99 for Flu Shot,$33.99 for Intradermal,$74.99 for Pneumonia Shot,
5713,Rite Aid Pharmacy,Pharmacy,32-14,31st Street,,Queens,NY,11106,41,-74,(718) 728-9080,,,,,$39.99 for flumist,$29.99 for Flu Shot,$33.99 for Intradermal,$74.99 for Pneumonia Shot,
5714,Rite Aid Pharmacy,Pharmacy,91-08,Roosevelt Avenue,,Queens,NY,11372,41,-74,(718) 478-6078,,,,,$39.99 for flumist,$29.99 for Flu Shot,$33.99 for Intradermal,$74.99 for Pneumonia Shot,
5715,Rite Aid Pharmacy,Pharmacy,43-02,Ditmars Blvd,,Queens,NY,11105,41,-74,(718) 267-6766,,,,,$39.99 for flumist,$29.99 for Flu Shot,$33.99 for Intradermal,$74.99 for Pneumonia Shot,
5716,Rite Aid Pharmacy,Pharmacy,75-75,31st Avenue,,Queens,NY,11370,41,-74,(718) 446-0300,,,,,$39.99 for flumist,$29.99 for Flu Shot,$33.99 for Intradermal,$74.99 for Pneumonia Shot,
5717,Rite Aid Pharmacy,Pharmacy,82-13,37th Avenue,,Queens,NY,11372,41,-74,(718) 565-1473,,,,,$39.99 for flumist,$29.99 for Flu Shot,$33.99 for Intradermal,$74.99 for Pneumonia Shot,
5718,Rite Aid Pharmacy,Pharmacy,50-15,Roosevelt Avenue,,Queens,NY,11377,41,-74,(718) 426-7572,,,,,$39.99 for flumist,$29.99 for Flu Shot,$33.99 for Intradermal,$74.99 for Pneumonia Shot,
5719,Rite Aid Pharmacy,Pharmacy,60-26,Woodside Avenue,,Queens,NY,11377,41,-74,(718) 639-3234,,,,,$39.99 for flumist,$29.99 for Flu Shot,$33.99 for Intradermal,$74.99 for Pneumonia Shot,
5720,Rite Aid Pharmacy,Pharmacy,106-40,Rockaway Beach Blvd,,Queens,NY,11694,41,-74,(718) 138-8512,,,,,$39.99 for flumist,$29.99 for Flu Shot,$33.99 for Intradermal,$74.99 for Pneumonia Shot,
5721,DUANE READE PHARMACY,Pharmacy,1550,THIRD AVENUE,,Manhattan,NY,10128,41,-74,(646) 672-1439,,,,,$31.99 for Flu Shot,$79.99 for Pneumonia Shot,,,
5722,DUANE READE PHARMACY,Pharmacy,575,LEXINGTON AVENUE,,Manhattan,NY,10022,41,-74,(212) 207-8274,,,,,$31.99 for Flu Shot,$79.99 for Pneumonia Shot,,,
5723,DUANE READE PHARMACY,Pharmacy,3387,BROADWAY,,Manhattan,NY,10031,41,-74,(917) 507-0179,,,,,$31.99 for Flu Shot,$79.99 for Pneumonia Shot,,,
5724,DUANE READE PHARMACY,Pharmacy,37-50-37-56,Junction Blvd,,Queens,NY,11368,41,-74,(718) 476-8704,,,,,$31.99 for Flu Shot,$79.99 for Pneumonia Shot,,,
5725,DUANE READE PHARMACY,Pharmacy,100,BROADWAY,,Manhattan,NY,10005,41,-74,(212) 227-5148,,,,,$31.99 for Flu Shot,$79.99 for Pneumonia Shot,,,
5760,Myrtle RX,Pharmacy,1454            ,Myrtle Avenue,,Brooklyn,NY,11237,41,-74,(718) 453-6200,(718) 453-6200,,Vincent Camarda,,,,,,
5846,Harpell's Ditmars Pharmacy,Pharmacy,33-08           , Ditmars Blvd.,,Queens,NY,11105,41,-74,(718) 278-5454,,,,,,,,,
5906,Walgreens Drug Store,Pharmacy,4401,White Plains Rd,,Bronx,NY,10470,41,-74,(800) 358-9950,,,,,$39.99 for flumist,$31.99 for Flu Shot,$89.99 for Pneumonia Shot,,
5907,Walgreens Drug Store,Pharmacy,1031-1041,Westchester Ave,,Bronx,NY,10459,41,-74,(800) 358-9950,,,,,$39.99 for flumist,$31.99 for Flu Shot,$89.99 for Pneumonia Shot,,
5908,Walgreens Drug Store,Pharmacy,1820-1834,Williamsbridge Rd,,Bronx,NY,10461,41,-74,(800) 358-9950,,,,,$39.99 for flumist,$31.99 for Flu Shot,$89.99 for Pneumonia Shot,,
5909,Walgreens Drug Store,Pharmacy,1281-1285,Fulton St,,Brooklyn,NY,11216,41,-74,(800) 358-9950,,,,,$39.99 for flumist,$31.99 for Flu Shot,$89.99 for Pneumonia Shot,,
5910,Walgreens Drug Store,Pharmacy,1514,86th St,,Brooklyn,NY,11228,41,-74,(800) 358-9950,,,,,$39.99 for flumist,$31.99 for Flu Shot,$89.99 for Pneumonia Shot,,
5911,Walgreens Drug Store,Pharmacy,1134,E New York Ave,,Brooklyn,NY,11212,41,-74,(800) 358-9950,,,,,$39.99 for flumist,$31.99 for Flu Shot,$89.99 for Pneumonia Shot,,
5912,Walgreens Drug Store,Pharmacy,2325-2343,Flatbush Ave,,Brooklyn,NY,11234,41,-74,(800) 358-9950,,,,,$39.99 for flumist,$31.99 for Flu Shot,$89.99 for Pneumonia Shot,,
5913,Walgreens Drug Store,Pharmacy,93-0-93-24,Astoria Blvd,,Queens,NY,11369,41,-74,(800) 358-9950,,,,,$39.99 for flumist,$31.99 for Flu Shot,$89.99 for Pneumonia Shot,,
5914,Walgreens Drug Store,Pharmacy,145-56-145-82,Farmers Blvd,,Queens,NY,11434,41,-74,(800) 358-9950,,,,,$39.99 for flumist,$31.99 for Flu Shot,$89.99 for Pneumonia Shot,,
5915,Walgreens Drug Store,Pharmacy,177-7-177-25,NY-25,,Queens,NY,11432,41,-74,(800) 358-9950,,,,,$39.99 for flumist,$31.99 for Flu Shot,$89.99 for Pneumonia Shot,,
5916,Walgreens Drug Store,Pharmacy,351,5th Ave,,Manhattan,NY,10001,41,-74,(800) 358-9950,,,,,$39.99 for flumist,$31.99 for Flu Shot,$89.99 for Pneumonia Shot,,
5917,Walgreens Drug Store,Pharmacy,132-50,Metropolitan Avenue,,Queens,NY,11418,41,-74,(800) 358-9950,,,,,$39.99 for flumist,$31.99 for Flu Shot,$89.99 for Pneumonia Shot,,
5918,Walgreens Drug Store,Pharmacy,58-02,Metropolitan Avenue,,Queens,NY,11385,41,-74,(800) 358-9950,,,,,$39.99 for flumist,$31.99 for Flu Shot,$89.99 for Pneumonia Shot,,
5919,Walgreens Drug Store,Pharmacy,143-60,243rd Street,,Queens,NY,11422,41,-74,(800) 358-9950,,,,,$39.99 for flumist,$31.99 for Flu Shot,$89.99 for Pneumonia Shot,,
5920,Walgreens Drug Store,Pharmacy,112-55,Farmers Blvd.,,Queens,NY,11412,41,-74,(800) 358-9950,,,,,$39.99 for flumist,$31.99 for Flu Shot,$89.99 for Pneumonia Shot,,
5921,Walgreens Drug Store,Pharmacy,645,Rossville Ave.,,Staten Island,NY,10309,41,-74,(800) 358-9950,,,,,$39.99 for flumist,$31.99 for Flu Shot,$89.99 for Pneumonia Shot,,
5922,Walgreens Drug Store,Pharmacy,1161,Victory Blvd.,,Staten Island,NY,10301,41,-74,(800) 358-9950,,,,,$39.99 for flumist,$31.99 for Flu Shot,$89.99 for Pneumonia Shot,,
5923,Walgreens Drug Store,Pharmacy,2190-91,Richmond Avenue,,Staten Island,NY,10314,41,-74,(800) 358-9950,,,,,$39.99 for flumist,$31.99 for Flu Shot,$89.99 for Pneumonia Shot,,
5924,Park Place Pharmacy,Pharmacy,160,Park Place,,Brooklyn,NY,11217,41,-74,(718) 857-4000,,,,,$25.00 for Flu Shot,,,,
5926,Preferred Pharmacy (Brooklyn),Pharmacy,1771,Broadway,,Brooklyn,NY,11207,41,-74,(718) 872-7717,,,,,$25.00 for Flu Shot,$80.00 for Pneumonia Shot,,,
5928,Century Pharmacy,Pharmacy,302,GRAND STREET,,Manhattan,NY,10002,41,-74,(212) 925-3838,,,,,,,,,
5932,Live Good Pharmacy,Pharmacy,1025            ,Nostrand Avenue,,Brooklyn,NY,11225,41,-74,(718) 221-9300,,,,,$38.99 for Flu Mist,,,,
5943,Tisane Pharmacy,Pharmacy,340,East 86th Street,,Manhattan,NY,10028,41,-74,(212) 517-0037,,,,,,,,,
5947,Teresa Pharmacy,Pharmacy,582,Rockaway Ave.,,Brooklyn,NY,11212,41,-74,(718) 342-3446,,,,,,,,,
5958,Gristedes Pharmacy # 524,Pharmacy,25,Waterside Plaza,,Manhattan,NY,10010,41,-74,(212) 889-1202,,,,,$10.99 for Flu Shot,$73.95 for Pneumonia Shot,,,
6188,Aausadm Inc,Pharmacy,4615,5th Avenue,,Brooklyn,NY,11220,41,-74,(718) 972-2780,,,,,,,,,
6189,"Bowen Pharmacy, Inc",Pharmacy,881,Tenth Avenue,,Manhattan,NY,10019,41,-74,(212) 956-9111,,,,,,,,,
6193,Good Health Pharmacy Inc,Pharmacy,79-28,Jamaica Avenue,,Queens,NY,11421,41,-74,(718) 296-7000,,,,,,,,,
6194,Healthmax 5th Avenue Inc,Pharmacy,5313            ,5th Avenue,,Brooklyn,NY,11220,41,-74,(718) 567-8000,,,,,,,,,
6195,"Mill Basin Pharmacy, Inc.",Pharmacy,5829            ,Avenue T,,Brooklyn,NY,11234,41,-74,(718) 676-6676,,,,,,,,,
6199,Sedgwick Pharmacy Inc.,Pharmacy,3887            ,Sedgwick Avenue,,Bronx,NY,10463,41,-74,(718) 543-3116,(718) 543-3116,,Adam Agovino,,,,,,
6208,Mt. Carmel Pharmacy,Pharmacy,705,East 187th St,,Bronx,NY,10458,41,-74,(718) 364-6100,,,,,,,,,
6210,"Kings Third Avenue Pharmacy, Inc",Pharmacy,1619,3rd Ave,,Manhattan,NY,10128,41,-74,(212) 534-6000,,,,,,,,,
6212,Broadway Pharmacy #2,Pharmacy,3621            ,Broadway,,Manhattan,NY,10031,41,-74,(212) 926-9800,,,,,,,,,
6227,Guardiola Pharmacy,Pharmacy,93-12,ROOSEVELT AVE,,Queens,NY,11372,41,-74,(718) 672-9700,,,,,,,,,
6228,Fordham Family Pharmacy,Pharmacy,202             ,W. Fordham Rd.,,Bronx,NY,10468,41,-74,(917) 801-1801,,,,,,,,,
6230,Top Choice Pharmacy,Pharmacy,65-05,MYRTLE AVENUE,,Queens,NY,11385,41,-74,(718) 381-5100,,,,,,,,,
6239,Bedford Medical Supply,Pharmacy,2036            ,Bedford Ave.,,Brooklyn,NY,11226,41,-74,(718) 462-2273,,,,,,,,,
6469,Care Fast Pharmacy,Pharmacy,3771            ,Nostrand Avenue,,Brooklyn,NY,11235,41,-74,(718) 975-4464,(781) 975-4464,,,,,,,,
7182,NYU Hospital Center Pharmacy,Pharmacy,Hcc-110           ,530 First Avenue,,Manhattan,NY,10016,41,-74,(212) 263-7364,(212) 263-7364,,Robert Downes,,,,,,
7183,Greentree Pharmacy,Pharmacy,291             ,7th Avenue,,Brooklyn,NY,11215,41,-74,(718) 768-2700,(718) 768-2700,,Julia Nudelman,,,,,,
7184,International Holistic Pharmacy,Pharmacy,3078            ,Brighton 6th Street,,Brooklyn,NY,11235,41,-74,(718) 975-3733,(718) 975-3733,,Oxana Tsyndea,,,,,,
7185,City Chemists,Pharmacy,129             ,Montague Street,,Brooklyn,NY,11201,41,-74,(718) 237-2489,(718) 237-2489,,Deana Amelyanchyk,,,,,,
7187,Accurate Pharmacy,Pharmacy,639             ,Fifth Avenue,,Brooklyn,NY,11215,41,-74,(718) 788-2082,(718) 788-2082,,Danny Tsang,,,,,,
7191,Webster Drugs,Pharmacy,753             ,East Tremont Avenue,,Bronx,NY,10457,41,-74,(718) 901-4717,(718) 901-4717,,,,,,,,
7192,Confucius Pharmacy,Pharmacy,25              ,Bowery,,Manhattan,NY,10002,41,-74,(212) 966-4420,(212) 966-4420,,Peter Lan,,,,,,
7194,Well-Care Pharmacy,Pharmacy,906             ,East 180th Street,,Bronx,NY,10460,41,-74,(718) 450-8759,(718) 450-8759,,Sam Digiovanna,,,,,,
7197,Arcely Pharmacy,Pharmacy,1603            ,St.Nicholas ave,,Manhattan,NY,10040,41,-74,(212) 923-2412,(212) 923-2412,,Esther Kim,,,,,,
